,Tweet Number,News Organization,Tweet,Compound Score,Positive Score,Negative Score,Neutral Score
0,0,@BBC,"‚ú® It's almost time for the first episode of #HisDarkMaterials, an adaptation of Philip Pullman‚Äôs best-selling fanta‚Ä¶ https://t.co/IkPbCSSqLF",0.3182,0.119,0.0,0.881
1,1,@BBC,"Tonight #SevenWorldsOnePlanet explores Asia - where rarely seen animals roam the hottest deserts, tallest jungles a‚Ä¶ https://t.co/X1hOzD4UyF",0.0,0.0,0.0,1.0
2,2,@BBC,"RT @BBCSounds: ""Money just shouldn't be in the equation, especially when it comes to things like HIV...""

@JVN gives a passionate explanati‚Ä¶",0.7096,0.237,0.0,0.763
3,3,@BBC,"RT @BBCRadio2: ""One of the biggest British bands... EVER!""

That's how our @Fearnecotton introduced UK chart-toppers @Stereophonics on stag‚Ä¶",0.0,0.0,0.0,1.0
4,4,@BBC,"Do we think differently in different languages?  üí¨üó£
https://t.co/ggN07nRcGx",0.0,0.0,0.0,1.0
5,5,@BBC,"Would love to see Kerry on #TheApprentice. üíºüí∞
#ThisCountry | Streaming now on @BBCThree.
https://t.co/UiyBvnmet7",0.6369,0.244,0.0,0.756
6,6,@BBC,"How pianos became part of the furniture at UK railway stations.  üé∂üöÇ
üëâ https://t.co/I8Ys2R0ifP https://t.co/kzvNKdKkZP",0.0,0.0,0.0,1.0
7,7,@BBC,"SO many people came together to be part of Suranne Jones' #GotItCovered @CleanBandit cover for @BBCCiN!  üôå
Streamin‚Ä¶ https://t.co/JWzxnFn3Ln",0.0,0.0,0.0,1.0
8,8,@BBC,"Coming up on @bbc5live today: #PalacevLeicester and #EvertonvSpurs. ‚öΩÔ∏è
#5LivePremSunday #PALLEI #EVETOT
üëâ‚Ä¶ https://t.co/Me8dCHTGzD",0.0,0.0,0.0,1.0
9,9,@BBC,"Is the screen you're looking at right now making you age faster?  üì±
https://t.co/wY8QwNNtiA",0.0,0.0,0.0,1.0
10,10,@BBC,That moment when @BBCDoctorWho's Jodie Whittaker was surprised by her @Coldplay heroes - Jonny Buckland and Will Ch‚Ä¶ https://t.co/9auoq0am8w,0.6369,0.245,0.0,0.755
11,11,@BBC,"""I'm having more fun making music!"" üíï 

@Harry_Styles tells @GregJames about #WatermelonSugar, his album and when w‚Ä¶ https://t.co/X3vmAaBwa1",0.5974,0.178,0.0,0.822
12,12,@BBC,"""Girl, why are you using so much shampoo!?"" üòÇ

Is this the most stressed out we've ever seen @JVN? üò¨
https://t.co/piMSq0bpef",-0.4301,0.114,0.229,0.658
13,13,@BBC,"Redwoods could be the solution to the climate crisis, but they‚Äôre under threat. üå≤üíî 
#TheAmericas with @simon_reeve‚Ä¶ https://t.co/Kz3nuUs3sT",-0.7579,0.069,0.3,0.63
14,14,@BBC,"Some weird and wonderful facts about teeth! üòÅ
https://t.co/SnUVzMiCO8",0.7424,0.374,0.091,0.535
15,15,@BBC,"Believe it or not, there was a time when motorway services were the height of cool‚Ä¶ üöô
https://t.co/gRtvdR8gbR",0.0,0.0,0.0,1.0
16,16,@BBC,"Innes was born 4 months premature and is fighting for his life.
#TinyLives is now streaming on @BBCiPlayer.
https://t.co/rX4fvQrbtZ",-0.3612,0.0,0.128,0.872
17,17,@BBC,"It's #RugbyWorldCupFinal day!   üôå üèâüèÜ
Live build up of #ENGvRSA has kicked off on @bbc5live, with match commentary f‚Ä¶ https://t.co/kD1QUN84GQ",0.0,0.0,0.0,1.0
18,18,@BBC,"It's another incredible sofa line up for @grahnort as he's joined by @IanMcKellen, @JulieAndrews, Jennifer Aniston,‚Ä¶ https://t.co/GZRFvDoOf5",0.0,0.0,0.0,1.0
19,19,@BBC,"Tributes have been paid to Pumpkin, the most popular raccoon on Instagram, after she died at the age of four.
üëâ‚Ä¶ https://t.co/4zEOfreZbx",-0.1298,0.116,0.135,0.749
20,20,@BBC,"Oops.  üôä 
#Fleabag | Streaming now on @BBCThree.
https://t.co/MEMn0bOpTL",0.0,0.0,0.0,1.0
21,21,@BBC,RT @HackerTDog: Get the #FridayFeeling by watching my top notch film with YouTuber @KimEnsonTV. I learn a foreign language. Watch the whole‚Ä¶,0.2023,0.087,0.0,0.913
22,22,@BBC,A waiter lost his job after asking for a selfie with Dame Emma Thompson. What's the etiquette for photos with celeb‚Ä¶ https://t.co/WnvX5LnWKo,-0.3182,0.0,0.108,0.892
23,23,@BBC,"Tilly lost both hands after contracting meningitis. Here‚Äôs how new bionic hands are giving her immense freedom. ‚ù§Ô∏è
https://t.co/sBzKIgl2XI",0.6486,0.255,0.089,0.656
24,24,@BBC,"""Hasta la vista, baby!"" 

What's your favourite Arnold @Schwarzenegger one-liner?  üëä
Watch @AliPlumb chat to him in‚Ä¶ https://t.co/iD7ILfYlVU",0.0,0.0,0.0,1.0
25,25,@BBC,"Here's what happened when Will Sharpe taught Kelly MacDonald some unique Japanese phrases... üáØüáµüòÇ #GiriHaji
https://t.co/z5Ydx7yg9U",0.0,0.0,0.0,1.0
26,26,@BBC,"How to live a longer (and healthier) life: Nine simple tips from @BBCWomansHour.  üßò‚Äç‚ôÄÔ∏è
üëâ https://t.co/Y0XDlf3NwK https://t.co/Ux2IHA7brA",0.0,0.0,0.0,1.0
27,27,@BBC,"As the first port of call for over 150 patients, junior doctor Sofia is feeling the pressure on her first ever nigh‚Ä¶ https://t.co/ThWMpjQ48Z",-0.1779,0.061,0.089,0.85
28,28,@BBC,"""Try and stay calm. You're doing very well.‚Äù  ü¶á

#Dracula is a chilling new series from the creators of Sherlock ‚Äì‚Ä¶ https://t.co/UfCvUxWF9J",0.296,0.103,0.049,0.848
29,29,@BBC,"It's another brilliant line up on @BBCLater tonight, co-hosted by @LadyLeshurr... music from @THE_SLPofficial,‚Ä¶ https://t.co/D5XMg6rL2U",0.5859,0.213,0.0,0.787
30,30,@BBC,Helena Bonham Carter on the time @GuyAChambers phoned her up and asked her to record a song for this year's @BBCCiN‚Ä¶ https://t.co/fUcjp5n3eh,0.0,0.0,0.0,1.0
31,31,@BBC,"""It's time.""

Who's excited? üôã‚Äç‚ôÄÔ∏èüôã‚Äç‚ôÇÔ∏è
#HisDarkMaterials starts this Sunday | 8pm | @BBCOne &amp; @BBCiPlayer.

https://t.co/xT4KW5I4yc",0.34,0.156,0.0,0.844
32,32,@BBC,"'Halloween is NOT fun!'  üôÖ‚Äç‚ôÄÔ∏èüôÖ‚Äç‚ôÇÔ∏èüéÉ
It was a very special Unpopular Opinion with @GregJames today as @Harry_Styles s‚Ä¶ https://t.co/zuxa4iWoss",0.5081,0.162,0.0,0.838
33,33,@BBC,"Sergeant Stevie Bull has been nominated for a Pride of Britain award, after she tackled a man with a gun in a hospi‚Ä¶ https://t.co/C3LX9vWnYS",0.5423,0.233,0.095,0.672
34,34,@BBC,"#HappyHarryween - @BBCLater have announced @Harry_Styles will make his show debut on 21st November!   üôåü§©
He joins‚Ä¶ https://t.co/kBIAXlqc0e",0.0,0.0,0.0,1.0
35,35,@BBC,"Social media accounts for your pets - yes or no?  üê∂ü§î
https://t.co/zQrbMEFsWn",0.128,0.194,0.158,0.647
36,36,@BBC,üì£TEACHERS! There is a live programme from @BBCTeach coming next Monday at 8pm - @maddiemoate will host a special sh‚Ä¶ https://t.co/4X1myui19D,0.4574,0.15,0.0,0.85
37,37,@BBC,"For @adamlambert, performing with @QueenWillRock has been a dream come true.  üôå
https://t.co/suWyecxsWv",0.5859,0.304,0.0,0.696
38,38,@BBC,Artist and writer @GAIKASAYS unearths the tragic story of a British lynching that took place during the 1919 race r‚Ä¶ https://t.co/Cn8xU0LQBx,-0.4588,0.0,0.136,0.864
39,39,@BBC,"Ten big-name actors, including #JimBroadbent, #JodieWhittaker, #DavidTennant and #OliviaColman, come together to re‚Ä¶ https://t.co/w9jJZTy6TD",0.0,0.0,0.0,1.0
40,40,@BBC,"The red squirrel population is under threat in the UK. What can we do to help?

Countryfile Autumn Diaries. Now str‚Ä¶ https://t.co/OUOIGzt6LS",-0.1779,0.103,0.13,0.766
41,41,@BBC,"This is so sweet!

The moment when @Camila_Cabello fangirls over @EmiliaClarke. 
#TheGNShow https://t.co/mMrPuE6euL",0.632,0.257,0.0,0.743
42,42,@BBC,"When Olivia Colman organises the one and only @TaylorSwift13 to come and surprise you in the studio... üòç 

@BBCCiN‚Ä¶ https://t.co/PAz6ksZR2Z",0.6249,0.195,0.0,0.805
43,43,@BBC,"Bronx school stabbing: 'How did the killer become the victim?'
A new @BBCThree documentary speaks to people at the‚Ä¶ https://t.co/ABl6CZatI6",-0.6486,0.0,0.193,0.807
44,44,@BBC,"Would you swipe right...?  üê∏‚ù§Ô∏èüòÇ #QI
https://t.co/dQT5lJVdZf",0.0,0.0,0.0,1.0
45,45,@BBC,"A list of the richest under-30s in the UK has been published - who makes the cut this year?  üí∞
üëâ‚Ä¶ https://t.co/UiOiiOGRlS",0.3182,0.139,0.086,0.776
46,46,@BBC,RT @BBCiPlayer: Disgusted by hot priests and Brummie gangsters? Maybe BBC iPlayer just isn‚Äôt for you‚Ä¶ #WastedOnSome https://t.co/6bbK7Trs7T,-0.5267,0.0,0.167,0.833
47,47,@BBC,"A deal's a deal.
From @kris_n_dave via @BBCScotland 
https://t.co/orB4Tlqm1I",0.0,0.0,0.0,1.0
48,48,@BBC,"Cooking with your best mate is a real test of friendship.  ü§¨
#ThisCountry | @BBCThree.
https://t.co/1MfUnFGaES",0.7964,0.307,0.0,0.693
49,49,@BBC,"'Women's Time' is part of a local radio programme in Malawi, where women are invited to the studio to discuss topic‚Ä¶ https://t.co/Lf4M798nvl",0.0,0.0,0.0,1.0
50,50,@BBC,"Find a bestie who‚Äôll tell you when you‚Äôre being a right scumbag. üòÇ
@blakeharrison23 #WorldOnFire 
https://t.co/qirYbjPIsa",-0.3182,0.153,0.245,0.602
51,51,@BBC,"""You have the courage to imagine a future that puts our beautiful planet first."" üåç

@elliegoulding urges young peop‚Ä¶ https://t.co/Xkn65aR7s3",0.7964,0.272,0.0,0.728
52,52,@BBC,"Would you like to control what you hear at a concert? 
@eltonofficial is testing out a new app that lets you mix th‚Ä¶ https://t.co/oHraWIhE3k",0.3612,0.106,0.0,0.894
53,53,@BBC,RT @BBCBreaking: Jeremy Corbyn says Labour will support early general election ahead of Boris Johnson's latest bid for December poll https:‚Ä¶,0.4019,0.119,0.0,0.881
54,54,@BBC,"""Prayer is the greatest freedom of all."" 
Father Giles, has been a Benedictine monk for 47 years.
https://t.co/WdgPOXdrq0",0.8555,0.359,0.0,0.641
55,55,@BBC,"Can drinking red wine ever be good for us?  üç∑
üëâ https://t.co/F5SlKesWi8 https://t.co/G4b2KMEbAV",0.4404,0.153,0.0,0.847
56,56,@BBC,"Forever waiting for The Drop.  üôå
#ThisCountry | @BBCThree.
https://t.co/JXtC4so4oE",-0.2732,0.0,0.189,0.811
57,57,@BBC,British Paralympian Ollie Hynd has said it's 'important to not just see the medals' when it comes to Paralympic ath‚Ä¶ https://t.co/0hYzH5BKdY,0.2023,0.083,0.0,0.917
58,58,@BBC,A study from @OfficialUoM has found that people with long-term health problems are more likely to feel pain when th‚Ä¶ https://t.co/Xz0TK8f0Mu,-0.7184,0.0,0.25,0.75
59,59,@BBC,"RT @BBCSounds: ü§î How does a @BBCStrictly pro dance come together? 

üé§ @Joe_Sugg finds out all from @dbuzz6589!

üéß Listen to the official St‚Ä¶",0.0,0.0,0.0,1.0
60,60,@BBC,"RT @BBCCiN: üì£ ANNOUNCEMENT üì£

As revealed on @BBCStrictly: It Takes Two, @BBCEastenders stars will be taking to the Strictly Ballroom, alon‚Ä¶",0.0,0.0,0.0,1.0
61,61,@BBC,"Learning to drive small cars helps rats feel less stressed, scientists have found. üêÄüöó
üëâ https://t.co/wQ8fgqB7dm https://t.co/JMFqmJgy3m",0.1263,0.115,0.093,0.793
62,62,@BBC,"Anastasia was forced to flee from the 2018 California fires separately from her husband, while eight months' pregna‚Ä¶ https://t.co/evZlw7mQzw",-0.4588,0.0,0.143,0.857
63,63,@BBC,"What's the secret to reaching 100 years of age in good health? üë¥ üëµ
https://t.co/wSh2Ub2Zkc",0.5719,0.239,0.0,0.761
64,64,@BBC,"Junior doctor Sofia is put to the test with an on the spot diagnosis. 
#JuniorDoctors | @BBCThree.
https://t.co/bj9NewVlNa",0.0,0.0,0.0,1.0
65,65,@BBC,"Happy #Diwali!

Learn more about the #FestivalOfLights and how it's celebrated here.
üëâ https://t.co/uTE9FUiRut‚Ä¶ https://t.co/uGPahNs4Nk",0.8268,0.325,0.0,0.675
66,66,@BBC,"Post Traumatic Stress Disorder diagnosis rates in the UK military have increased over the past decade, and research‚Ä¶ https://t.co/nNhxw6UdgR",-0.7964,0.08,0.35,0.57
67,67,@BBC,"RT @bbcasiannetwork: Just @NavaanSandhu's voice and the vaja üíô 

Navaan and @mannisandhu have recorded a very special #Diwali acoustic sess‚Ä¶",0.4576,0.136,0.0,0.864
68,68,@BBC,"RT @bbcasiannetwork: Happy #Diwali üß°‚ú®

üë©üèΩ‚Äçüé® @zhkdesigns https://t.co/5hpWbxQJHc",0.5719,0.252,0.0,0.748
69,69,@BBC,They can act... but can they sing? Britain's biggest stars are recording a special album for @BBCCiN. #GotItCovered‚Ä¶ https://t.co/zmcWgEJ36d,0.5499,0.173,0.0,0.827
70,70,@BBC,"Could we replace plastic straws with pasta? This entrepreneur thinks so... üçùüò≤‚ôªÔ∏è #DragonsDen
https://t.co/wKL7ZHLOgu",0.0,0.0,0.0,1.0
71,71,@BBC,"Nadir Nahdi has started an inclusive running club. üèÉüèæ
https://t.co/H2GJNHbVJr",0.0,0.0,0.0,1.0
72,72,@BBC,"THIS. ü§£ #Motherland #MondayMotivation
https://t.co/Hyaahkb2I2",0.4939,0.286,0.0,0.714
73,73,@BBC,"In the third leg of his journey through #TheAmericas, @simon_reeve is travelling down the length of California.  üá∫üá∏‚Ä¶ https://t.co/5zb1sUbBl3",0.0,0.0,0.0,1.0
74,74,@BBC,@BBCOne @BBCiPlayer üôåüèª,0.0,0.0,0.0,1.0
75,75,@BBC,"RT @BBCOne: Welcome to Antarctica ‚Äì a land of survivors enduring the most hostile conditions on earth. 

#SevenWorldsOnePlanet is starting‚Ä¶",0.0276,0.137,0.132,0.731
76,76,@BBC,"Very cheeky.
https://t.co/RMVQJ0Gl71",0.0,0.0,0.0,1.0
77,77,@BBC,"#KPop fans are some of the most dedicated in the world üôå

#KPopIdols @JamesBallardie @BBCFour https://t.co/DP42USH4SZ",0.5095,0.171,0.0,0.829
78,78,@BBC,"üôå Sir David Attenborough is back on our screens tonight, as #SevenWorldsOnePlanet begins in Antarctica.  üåè
6:15pm |‚Ä¶ https://t.co/QwlPf523Y5",0.0,0.0,0.0,1.0
79,79,@BBC,"Would you consider donating your body to science? 
@BSMSMedSchool say there is a shortage of bodies for medical stu‚Ä¶ https://t.co/vtLOlAkBzP",-0.25,0.0,0.1,0.9
80,80,@BBC,"This is amazing - nothing will stop Jo√£o Vicente smiling and skating!  üòÅ
https://t.co/DxD2yjl8G1",0.8996,0.48,0.0,0.52
81,81,@BBC,"Did you know this tiny beetle could help us harvest water from thin air? üíß 
Listen to the 30 Animals That Made Us S‚Ä¶ https://t.co/W90IeEKIZ8",0.4019,0.101,0.0,0.899
82,82,@BBC,"The face of a Medieval man whose remains were found in Aberdeen has been reconstructed.
üëâ https://t.co/5KzdcdtXpk https://t.co/dhLGO22VkS",0.0,0.0,0.0,1.0
83,83,@BBC,"In 1972, Tomorrow's World reported on a newfangled way to pay for your shopping - the credit card.  üòÆ
https://t.co/4OGh57RasG",0.296,0.113,0.061,0.826
84,84,@BBC,"RT @bbcrugbyunion: üòû 

They gave it everything they had.

#WALvRSA reaction: https://t.co/Yr2pnGLBIs

#bbcrugby #RWC2019 https://t.co/ROJ10‚Ä¶",-0.4767,0.0,0.171,0.829
85,85,@BBC,"RT @BBCSportWales: üó£ ""Wales gave it everything but luckily it was us tonight""

South Africa try-scorer Damian de Allende on today's brutal‚Ä¶",0.6652,0.168,0.0,0.832
86,86,@BBC,"Check out some of the amazing pictures taken during filming for Sir David Attenborough's new @BBCOne series,‚Ä¶ https://t.co/fpIBVY2uRJ",0.5859,0.183,0.0,0.817
87,87,@BBC,"That satisfying moment when the guitar goes in tune... ü§§ 
Join @BBC6Music for #SlowSunday for a day of equally calm‚Ä¶ https://t.co/Fk9mAwYiWt",0.6369,0.215,0.0,0.785
88,88,@BBC,"Q. What's the key to @BTS_twt's global success?
A. #BTSARMY

#BTS #ARMY #KPopIdols @BBCFour https://t.co/P5mkBHRT5m",0.5719,0.209,0.0,0.791
89,89,@BBC,"On @bbc5live today...
#NEWvWOL and #LIVvTOT üôå
From 2pm and 4.30pm.
 üëâ https://t.co/8rPSb0Cisq https://t.co/dpdzM7iHqn",0.0,0.0,0.0,1.0
90,90,@BBC,"Wait - do the clocks go forward tonight... or back? ‚è∞ü§î #TheMashReport #ClocksChange
https://t.co/nhyY06JwPW",0.0,0.0,0.0,1.0
91,91,@BBC,"Don't mess with Big Mandy.
#ThisCountry | @BBCThree.
https://t.co/0bbv1o4gAJ",0.2755,0.232,0.0,0.768
92,92,@BBC,"‚è∞Remember the clocks go back TONIGHT! ‚åöÔ∏è
https://t.co/JuTSen7ohX",0.0,0.0,0.0,1.0
93,93,@BBC,"Sir David Attenborough has been awarded a Green Blue Peter badge, in recognition of his work inspiring young audien‚Ä¶ https://t.co/0KqyCpSg15",0.6705,0.244,0.0,0.756
94,94,@BBC,"""Kids absolutely do not go into care because it's their fault.""
Jamie spent 21 years of his life in care and is now‚Ä¶ https://t.co/31GvlfvyjP",-0.6435,0.0,0.193,0.807
95,95,@BBC,Yardley the dog has become an internet sensation after being spotted watching his team @Pollokfc from the stands. üê∂‚Ä¶ https://t.co/EK17Kk4i1h,0.0,0.0,0.0,1.0
96,96,@BBC,"""I just disconnected myself from anyone and anything around me.""

@KonzVisual
https://t.co/ErvPgz9oEc",0.0,0.0,0.0,1.0
97,97,@BBC,".@BBCNewsbeat's latest documentary features the indie label @TransgressiveHQ, who signed bands such as @Foals and‚Ä¶ https://t.co/Tun9MkohmD",0.0,0.0,0.0,1.0
98,98,@BBC,"RT @5liveSport: ENGLAND HAVE BEATEN THE ALL BLACKS! üè¥Û†ÅßÛ†Å¢Û†Å•Û†ÅÆÛ†ÅßÛ†Åø

They have made their first rugby World Cup final since 2007 üèâüôå

'It doesn't ge‚Ä¶",-0.5893,0.0,0.143,0.857
99,99,@BBC,"RT @bbcpress: We've got great presenters for this year's #ChildrenInNeed. Join @TessDaly, @AdeAdepitan, @grahnort, #MelGiedroyc, @MarvinHum‚Ä¶",0.743,0.31,0.0,0.69
100,0,@CBS,Due to #NFL overrun #CBS Sunday programs delayed ONLY in EAST/CENTRAL Time Zones. New start times: #60Minutes 7:37/‚Ä¶ https://t.co/y4zsZHnriN,-0.2263,0.0,0.095,0.905
101,1,@CBS,"After setting their clocks back an hour for #DaylightSavingTime, the cast of the @YandR_CBS is feeling like the you‚Ä¶ https://t.co/68MXzF8NVT",0.4588,0.182,0.0,0.818
102,2,@CBS,Get ready for Week 9 of the NFL on CBS. Check out the schedule to watch and stream your local games live today acro‚Ä¶ https://t.co/NsBRYJNyHz,0.3612,0.098,0.0,0.902
103,3,@CBS,RT @survivorcbs: Our hearts go out to Rudy's family and friends. He will be greatly missed. üíî https://t.co/yRMMFL9em6,-0.4159,0.124,0.235,0.641
104,4,@CBS,"You're watching #CarolsSecondAct Thursday nights at 9:30/8:30c on CBS, but what about @PatriciaHeaton's second act?‚Ä¶ https://t.co/rJ09gq5sSz",0.0,0.0,0.0,1.0
105,5,@CBS,"Attention, Boston movie-making people: When he's not shooting #TheUnicorn on CBS, @robcorddry is available. Let his‚Ä¶ https://t.co/hFGz7P1FjU",0.0,0.0,0.0,1.0
106,6,@CBS,Don't miss this SEC face-off between two top ten teams. Stream #8 Georgia vs. #6 Florida live today at 3:30PM ET on‚Ä¶ https://t.co/aZ8IbYfMAs,0.3058,0.134,0.0,0.866
107,7,@CBS,"Wade is excellent at being a father, he's a loyal and dependable friend, and he can give a heart-to-heart talk like‚Ä¶ https://t.co/ugybnEF62T",0.875,0.385,0.0,0.615
108,8,@CBS,Celebrate the legacy and century-and-a-half history of college football with Through the Lens of CBS Sports: Colleg‚Ä¶ https://t.co/OJ4jkQHW2S,0.5719,0.179,0.0,0.821
109,9,@CBS,It all starts with a script. Take a peek behind the curtain at how @TheNeighborhood gets made with this look at the‚Ä¶ https://t.co/p3lOI5rFMU,0.0,0.0,0.0,1.0
110,10,@CBS,"@powerforlife03 We ‚ù§Ô∏è Auntie Olu, as well. #bobheartsabishola https://t.co/4crm1zMF8x",0.2732,0.189,0.0,0.811
111,11,@CBS,"RT @CBSAllAccess: Sci-fi, action, comedy, drama, &amp; @NFLonCBS - we have it all! Streaming this November on #CBSAllAccess. IT‚ÄôS ON. https://t‚Ä¶",0.4199,0.128,0.0,0.872
112,12,@CBS,RT @Lesdoggg: I love this family!! She reminds me of my mom yo!! I love this show!! I truly hope one day we all can just be ours elves and‚Ä¶,0.9466,0.401,0.0,0.599
113,13,@CBS,Face the monsters of #Evil this #Halloween. Stream it on https://t.co/2XNQAg6gJ6. https://t.co/VDDumLp0ac,0.0,0.0,0.0,1.0
114,14,@CBS,RT @YandR_CBS: Need some costume inspiration for tonight? Check out these #Halloween looks from #YR! https://t.co/RVPRKf2uTR,0.5707,0.198,0.0,0.802
115,15,@CBS,"RT @CBSAllAccess: Old tales, new blood. ü•Ä Your Halloween treat is the first look at your #TellMeAStory Season 2 key art. https://t.co/Ixkh6‚Ä¶",0.4019,0.114,0.0,0.886
116,16,@CBS,Get into the #Halloween spirit by revisiting @YoungSheldon's spooky Hobbit-inspired dream: https://t.co/Xd5beUx7pw https://t.co/BTlKjGmRbs,0.4019,0.252,0.0,0.748
117,17,@CBS,@TimiFrost https://t.co/ByXflHqU93,0.0,0.0,0.0,1.0
118,18,@CBS,Gather ‚Äòround for a celebration of family. The 21st annual holiday adoption special A Home for the Holidays with‚Ä¶ https://t.co/yeVyYpvxrz,0.7906,0.348,0.0,0.652
119,19,@CBS,"Whether it's a trick or a treat, Happy #Halloween from CBS! https://t.co/k0pgIMaZ9X",0.7574,0.449,0.081,0.47
120,20,@CBS,Trick or treat. #Evil is at your door. Thursdays 10/9c on CBS. https://t.co/V7pKBjCrCN,0.3612,0.181,0.081,0.738
121,21,@CBS,Looking for some last-minute #Halloween costume ideas? Let the stars of CBS on the pages of @CBSWatch Magazine serv‚Ä¶ https://t.co/tEF6ipPbD8,0.0,0.0,0.0,1.0
122,22,@CBS,"From restroom lines to tardiness, the cast of #AllRise shares what laws they would want put in place. https://t.co/xQxTPepPBb",0.3612,0.171,0.0,0.829
123,23,@CBS,"Sweet! In anticipation of #Halloween, the @YandR_CBS stars are scaring up some boooo-tiful Candycuterie boards. https://t.co/eWPICrpXYt",0.2003,0.228,0.141,0.631
124,24,@CBS,Word to the wise: don't give Carol any guff unless you want to deal with Nurse Dennis. New episodes of‚Ä¶ https://t.co/nxKwDzc7Uz,0.5267,0.188,0.0,0.812
125,25,@CBS,Have you hung out with these two yet? Catch them and their hilarious castmates cutting it up on new episodes of‚Ä¶ https://t.co/D4SCQRMCu9,0.296,0.112,0.062,0.826
126,26,@CBS,"Recognizing the signs of a stroke, Abishola advises Bob and his sister to rush their mom to the hospital. New episo‚Ä¶ https://t.co/26k25zoubn",0.0,0.0,0.0,1.0
127,27,@CBS,RT @SimoneMissick: Sherri‚Äôs just a big ole softie after all...@RuthieAnnMiles @CBS #ALLRISE https://t.co/io0cGLjQDW,0.0,0.0,0.0,1.0
128,28,@CBS,RT @SimoneMissick: #ALLRISE cast still at work. Working hard to make these next 9 episodes!!! Sorry we couldn‚Äôt tweet tonight! We love y‚Äôal‚Ä¶,0.6876,0.198,0.1,0.702
129,29,@CBS,Thanks for joining us on the #Lolacoaster. What did everyone think of tonight's #AllRise? https://t.co/DkpgrrCyOj,0.4404,0.172,0.0,0.828
130,30,@CBS,@tiffjaxon Finally! #Lemily #AllRise https://t.co/vCaGN3RwuR,0.0,0.0,0.0,1.0
131,31,@CBS,Anyone dressing up as #JudgeLola for #Halloween? #AllRise https://t.co/KrmaMKHTOk,0.0,0.0,0.0,1.0
132,32,@CBS,@_kirstinramsey Sara FTW. #AllRise https://t.co/VHyQnF0XHe,0.5766,0.483,0.0,0.517
133,33,@CBS,@ShiAnna_913 Glad you're enjoying #AllRise. https://t.co/JmoajS0jnk,0.7506,0.615,0.0,0.385
134,34,@CBS,And that's why we love her. #AllRise https://t.co/4WzZRfBiDL,0.6369,0.375,0.0,0.625
135,35,@CBS,@tiffjaxon Well technically there was this (non)date. #AllRise https://t.co/ClGIvvwiWW,0.2732,0.208,0.0,0.792
136,36,@CBS,@c_rossover No doubt about it. #AllRise https://t.co/Z0YWyGo7JD,-0.5719,0.0,0.485,0.515
137,37,@CBS,@kendallwhite05 Is #Lemily a close second? #AllRise https://t.co/IlSQoLs8x1,0.0,0.0,0.0,1.0
138,38,@CBS,@LolaCarmichael1 She always shows she cares in her own way. #AllRise https://t.co/HyC6SCPcDE,0.4588,0.214,0.0,0.786
139,39,@CBS,@OnPointeJ Count us in. #AllRise https://t.co/0YnNQDl4VZ,0.0,0.0,0.0,1.0
140,40,@CBS,"You got this, Lola. #AllRise https://t.co/T21peDfWIP",0.0,0.0,0.0,1.0
141,41,@CBS,@lookfabuless She truly is amazing. #AllRise https://t.co/YboqQaHw3F,0.7717,0.573,0.0,0.427
142,42,@CBS,@aprilrudgate @WilsonBethel Your friends will love it! #AllRise https://t.co/73qs71UL3R,0.8221,0.52,0.0,0.48
143,43,@CBS,@bigboutya1 *loves pie. #AllRise https://t.co/X0XzqQcyir,0.0,0.0,0.0,1.0
144,44,@CBS,"@c_rossover Multi-tasking, great idea right @jalexbrinson? #AllRise https://t.co/nbohAH28D0",0.6249,0.369,0.0,0.631
145,45,@CBS,@MalashaMonique Cheers to that! #AllRise https://t.co/PF0uTayQz5,0.5255,0.404,0.0,0.596
146,46,@CBS,"@TRVLR28 We ‚ù§Ô∏è it, too. #BobHeartsAbishola https://t.co/Pm4A083w7H",0.0,0.0,0.0,1.0
147,47,@CBS,RT @WilsonBethel: It‚Äôs #AllRise O‚Äôclock.,0.0,0.0,0.0,1.0
148,48,@CBS,@__priscillaaax Douglas's ‚ù§Ô∏è is in the right place. #BobHeartsAbishola https://t.co/nQLzUsC1qb,0.0,0.0,0.0,1.0
149,49,@CBS,"Fierce and fabulous, style and substance. Catch @simonemissick on a new #AllRise starting now! https://t.co/l5M9td3ac8",0.5707,0.221,0.0,0.779
150,50,@CBS,"We don‚Äôt ‚ù§Ô∏è waiting to see what happens next, but thanks for watching #BobHeartsAbishola with us tonight. https://t.co/l7ABue8Ajh",0.5927,0.176,0.0,0.824
151,51,@CBS,"@mrsssmac Someone's cutting onions here, too. #BobHeartsAbishola https://t.co/2FHKhnsKpk",-0.128,0.0,0.176,0.824
152,52,@CBS,@drjen9 Relationships aren't just built on first dates. #BobHeartsAbishola https://t.co/zKdGTIlU0E,0.0,0.0,0.0,1.0
153,53,@CBS,@70zbay We ‚ù§Ô∏è watching it. #BobHeartsAbishola https://t.co/T0mp53cqrr,0.0,0.0,0.0,1.0
154,54,@CBS,@jrrbusby Kemi ‚ù§Ô∏è love. #BobHeartsAbishola https://t.co/NiiOOfgDJN,0.6369,0.412,0.0,0.588
155,55,@CBS,@1986Webber She's got things under control. #BobHeartsAbishola https://t.co/5aphL1T8GL,0.0,0.0,0.0,1.0
156,56,@CBS,@Shelley514 Bob agrees (and so do we). #BobHeartsAbishola https://t.co/kDnvFwGnYS,0.2023,0.184,0.0,0.816
157,57,@CBS,@bigboutya1 It's a good thing that Abishola is a nurse. #BobHeartsAbishola https://t.co/XwCp2hJGV1,0.4404,0.244,0.0,0.756
158,58,@CBS,@Ren_War89 She's coming around to ‚ù§Ô∏è. #BobHeartsAbishola https://t.co/PQNArt3ad6,0.0,0.0,0.0,1.0
159,59,@CBS,@DelightfulDame And charming conversation! #BobHeartsAbishola https://t.co/hZZNniNrFs,0.6239,0.45,0.0,0.55
160,60,@CBS,@pamackerson #BobHeartsAbishola https://t.co/R58H0XGQHj,0.0,0.0,0.0,1.0
161,61,@CBS,‚ù§Ô∏è is on the menu tonight. #BobHeartsAbishola https://t.co/1mzRlJ6f9z,0.0,0.0,0.0,1.0
162,62,@CBS,@SighRN They might have a say in the story's direction. #BobHeartsAbishola https://t.co/apmG33VIP0,0.0,0.0,0.0,1.0
163,63,@CBS,"@DelightfulDame Oh, yeah. Tunde ‚ù§Ô∏è Olu. #BobHeartsAbishola https://t.co/jfKRWmUlZM",0.296,0.216,0.0,0.784
164,64,@CBS,"@DelightfulDame Sometimes you have to take the bus, though. #BobHeartsAbishola https://t.co/r1yO214P0B",0.0,0.0,0.0,1.0
165,65,@CBS,"All clothes are sandwich clothes, Auntie Olu, especially if you ‚ù§Ô∏è layering. #BobHeartsAbishola https://t.co/Bv4Lk8eEIR",0.0,0.0,0.0,1.0
166,66,@CBS,@edwardistheman We agree. #BobHeartsAbishola https://t.co/PKZnUXCgLZ,0.3612,0.385,0.0,0.615
167,67,@CBS,@actravlr ‚ù§Ô∏è #BobHeartsAbishola https://t.co/mx5hqWcOAs,0.0,0.0,0.0,1.0
168,68,@CBS,@Peteythegreat We're glad she ‚ù§Ô∏è it. #BobHeartsAbishola https://t.co/08gd8HxkVB,0.4588,0.273,0.0,0.727
169,69,@CBS,@AnneLaBarbera Um... üòâ #BobHeartsAbishola https://t.co/AM70IzYnkp,0.0,0.0,0.0,1.0
170,70,@CBS,@jrrbusby Here we go! #BobHeartsAbishola https://t.co/LIPogqDuc3,0.0,0.0,0.0,1.0
171,71,@CBS,"Say üëã to a new episode of #BobHeartsAbishola, which starts NOW. https://t.co/Ea2I3nTbdg",0.4939,0.225,0.0,0.775
172,72,@CBS,Glad to see these girls are alright after giving Kristen a bit of a fright in last Thursday's Halloween episode of‚Ä¶ https://t.co/CCHoB4LwT9,0.5859,0.285,0.1,0.615
173,73,@CBS,"RT @InsideEdition: Inspired by the new @CBS series ""Evil,"" we teamed up with the Gotham Paranormal Society to see if the ""most violent stre‚Ä¶",-0.2484,0.109,0.143,0.748
174,74,@CBS,We ask @BillyGardell and @TheFolake some questions from the ‚ù§Ô∏è before an all-new #BobHeartsAbishola tonight at 8:30‚Ä¶ https://t.co/JEQ1gaP21D,0.0,0.0,0.0,1.0
175,75,@CBS,We can't fight this feeling any longer. #theneighborhood https://t.co/AcZhQHtKGT,0.4232,0.352,0.0,0.648
176,76,@CBS,"RT @CBSWatch: .@CBSEveningNews anchor and managing editor, @NorahODonnell, goes to our nation‚Äôs capital in her first look for Watch! magazi‚Ä¶",0.0,0.0,0.0,1.0
177,77,@CBS,Order in the court! All eyes on Lola when she presides over a celebrity's murder trial on tonight's #AllRise at 9/8‚Ä¶ https://t.co/aVwL89SC93,-0.7177,0.0,0.2,0.8
178,78,@CBS,Due to #NFL overrun #CBS Sunday programs delayed ONLY in EAST/CENTRAL Time Zones. New start times: #60Minutes 7:41E‚Ä¶ https://t.co/43BlXGlmO9,-0.2263,0.0,0.095,0.905
179,79,@CBS,Halloween night. Mayhem ensues. Catch up on the latest episode of #Evil on https://t.co/N03vcOnudu https://t.co/ioHYjTuwfR,0.0,0.0,0.0,1.0
180,80,@CBS,üèà Week 8 is here and NFL on CBS is bringing you a doubleheader. Check out the schedule and stream your local games‚Ä¶ https://t.co/ASn8h4oof8,0.0,0.0,0.0,1.0
181,81,@CBS,"#BB21 may be over, but the Houseguests have a lot of wisdom to share with future @CBSBigBrother players. Check it o‚Ä¶ https://t.co/ck8EtwrMAK",0.8126,0.28,0.0,0.72
182,82,@CBS,"This #H50 Halloween, @MasiOka as Keanu Reeves returned. Check out the Gallery of Whoa and tell us which one was you‚Ä¶ https://t.co/XwdxTgFsFW",0.0,0.0,0.0,1.0
183,83,@CBS,Sometimes the talented cast of #CarolsSecondAct gets a tickle in their funny bone. Enjoy these laugh-out-loud bloop‚Ä¶ https://t.co/4Kwvpe9ptd,0.8555,0.402,0.0,0.598
184,84,@CBS,"RT @CBSAllAccess: New episodes of @MomCBS, #EvilCBS, @StarTrekCBS #ShortTreks, and the entire first season of #WhyWomenKill are now streami‚Ä¶",0.0,0.0,0.0,1.0
185,85,@CBS,@DelightfulDame You got it. #CarolsSecondAct https://t.co/LiKz0TYWyv,0.0,0.0,0.0,1.0
186,86,@CBS,RT @etnow: ET is taking you inside a day in the life of @NorahODonnell ahead of her daily evening broadcast of @CBSEveningNews. https://t.c‚Ä¶,0.0,0.0,0.0,1.0
187,87,@CBS,"RT @judois: Man,this show really pulled out all the stops for Halloween. That last shot was perfect. Bravo! #Evil #CBS",0.5255,0.169,0.068,0.763
188,88,@CBS,Happy almost #Halloween. Thanks for watching #Evil tonight. https://t.co/syQgkOdzyY,0.7447,0.475,0.0,0.525
189,89,@CBS,@JustCurious37 Do you want to hear the end of the story? #Evil,0.0772,0.106,0.0,0.894
190,90,@CBS,RT @RyanBartholomee: This is some great acting! üò≥ #Evil @CBS,0.6588,0.305,0.0,0.695
191,91,@CBS,You have to see it to believe it. #Evil https://t.co/kROT58k7WL,0.0,0.0,0.0,1.0
192,92,@CBS,@lovingzfun #Evil https://t.co/gSyJc84uQh,0.0,0.0,0.0,1.0
193,93,@CBS,@SheilsMcGangsta @aasif @katjaherbers @realmikecolter We can. #Evil,0.0,0.0,0.0,1.0
194,94,@CBS,"RT @aasif: Name that homage.
#EVIL https://t.co/sMcCBCrvVg",0.0,0.0,0.0,1.0
195,95,@CBS,@FSMMedia Inspired. #Evil https://t.co/uPjIi0f4Hs,0.4939,0.516,0.0,0.484
196,96,@CBS,RT @Bec_Heim: This episode is going to be a really challenging conflict for Kristen and David's main dynamic. #Evil #EvilCBS,0.2298,0.195,0.112,0.694
197,97,@CBS,RT @aasif: Part-time demon fighters. Full-time Blues Brothers impersonators. @katjaherbers @realmikecolter #EVIL https://t.co/pvgRLsHl75,-0.0516,0.0,0.091,0.909
198,98,@CBS,RT @SheilsMcGangsta: Oooooh I like the Ben and Vanessa vibes #EVIL https://t.co/XAPRbqtfA6,0.3612,0.2,0.0,0.8
199,99,@CBS,RT @aasif: Raise your hand if you have a bad feeling about this Brenda girl üôãüèΩ‚Äç‚ôÇÔ∏è#EVIL @CBS,0.0516,0.222,0.165,0.613
200,0,@CNN,"As protesters in Lebanon, Iraq, Chile, Bolivia, Hong Kong and Spain railed against governments they felt had abando‚Ä¶ https://t.co/OrlDIGqORb",-0.2263,0.0,0.095,0.905
201,1,@CNN,"In the wake of O'Rourke's early exit from the 2020 race, supporters were left wondering how it was all possible: Ho‚Ä¶ https://t.co/XrY5oCBLpG",0.4404,0.121,0.0,0.879
202,2,@CNN,"Ukraine's war had all but been forgotten by the outside world, until America's political crisis catapulted it into‚Ä¶ https://t.co/3hSi1z78jt",-0.8873,0.0,0.395,0.605
203,3,@CNN,"Demand for fake meat products is surging in the Western world, usually in burger form -- but China has been eating‚Ä¶ https://t.co/uBdKqmrBPc",-0.3182,0.0,0.142,0.858
204,4,@CNN,How President Trump became more Florida Man than Manhattanite | Analysis by @stcollinson https://t.co/sh67ypgf93,0.0,0.0,0.0,1.0
205,5,@CNN,A 60-year-old man died in a climbing accident in Washington on Thursday https://t.co/AiOi02JIiW,-0.7717,0.0,0.427,0.573
206,6,@CNN,"""Jesus is King"" has become the ninth consecutive Kanye West album to debut at No. 1 on the Billboard charts https://t.co/OuPPkl62GA",-0.296,0.0,0.104,0.896
207,7,@CNN,"Norwegian authorities have arrested high-profile American white supremacist Greg Johnson, hours before he was due t‚Ä¶ https://t.co/FDF6WB4SNY",-0.3818,0.077,0.158,0.765
208,8,@CNN,"""You're the one that I want."" The black leather jacket and skin-tight pants worn by singer and actress Olivia Newto‚Ä¶ https://t.co/uLeioc03Lw",-0.296,0.0,0.104,0.896
209,9,@CNN,"Departing from Rome at 10am local time on Sunday, the Boeing 747 Jumbo took a one-time flightpath to create the sha‚Ä¶ https://t.co/kPcbaJAB06",0.2732,0.095,0.0,0.905
210,10,@CNN,"President Trump was met with loud, sustained boos and some cheers as he entered Madison Square Garden for the Ultim‚Ä¶ https://t.co/4W0Gov3bM6",0.4767,0.134,0.0,0.866
211,11,@CNN,"In the wake of O'Rourke's early exit from the 2020 race, supporters were left wondering how it was all possible: Ho‚Ä¶ https://t.co/a080fS0gww",0.4404,0.121,0.0,0.879
212,12,@CNN,"""Your insurance is like a bad boyfriend. Girl, listen to me, you need to leave him,"" Kate McKinnon's Elizabeth Warr‚Ä¶ https://t.co/ifUmi2cSr8",-0.296,0.103,0.194,0.702
213,13,@CNN,". @LisaLing meets two convicted female killers to explore what led them to their crimes, and the unique circumstanc‚Ä¶ https://t.co/DasIwj5HNP",-0.6486,0.0,0.193,0.807
214,14,@CNN,Got to sleep in this morning? Here's a history of Daylight Saving Time https://t.co/LcCboBLcIZ,0.0,0.0,0.0,1.0
215,15,@CNN,"A 60-year-old Texas man died in a climbing accident while descending a mountain near Leavenworth, Washington, accor‚Ä¶ https://t.co/gRfXjXRixP",-0.7717,0.0,0.34,0.66
216,16,@CNN,"Two suspects escaped from a Northern California jail early Sunday, the Monterey County Sheriff's Office said https://t.co/QE2qAV9EC7",-0.34,0.0,0.138,0.862
217,17,@CNN,"Florida State University fired head football coach Willie Taggart, one day after the struggling Seminoles lost 27-1‚Ä¶ https://t.co/gjYN9ukVTe",-0.8271,0.0,0.367,0.633
218,18,@CNN,"Lena Dunham took to social media to tell the world she's dealing with Ehlers-Danlos syndrome, a chronic disease tha‚Ä¶ https://t.co/YYP3111d7T",0.0,0.0,0.0,1.0
219,19,@CNN,"Columbia Sportswear ""matriarch"" Gert Boyle has died at age 95, the company announced Sunday https://t.co/7ZtvjugIUT",-0.5574,0.0,0.205,0.795
220,20,@CNN,The day has finally come. The sorely-missed Popeyes chicken sandwich is back and people are acting ridiculous https://t.co/rPxyN7jdxF,-0.3612,0.0,0.128,0.872
221,21,@CNN,Popeyes is bringing back its spicy chicken sandwich. The company has announced the sandwich is returning as a perma‚Ä¶ https://t.co/Z1Xi7Qcciw,0.0,0.0,0.0,1.0
222,22,@CNN,A woman in California is recovering after being impaled in the leg by a large metal bar that fell off a big truck w‚Ä¶ https://t.co/wKFuza5lFh,0.0,0.0,0.0,1.0
223,23,@CNN,"There's just one thing that separates her from all the other influencers.
She's a bee. https://t.co/SnRR6MW50R",0.0,0.0,0.0,1.0
224,24,@CNN,"In exactly one year, Americans will head to the ballot boxes to vote in presidential, Senate and gubernatorial elec‚Ä¶ https://t.co/DAuXvdbY0B",0.0,0.0,0.0,1.0
225,25,@CNN,Lewis Hamilton clinched his sixth world title with second place behind Mercedes teammate Valtteri Bottas in the US‚Ä¶ https://t.co/yrYe57uKHr,0.0,0.0,0.0,1.0
226,26,@CNN,Sia thanked fans on Saturday for sending supportive messages she says saved her life following the recent death of‚Ä¶ https://t.co/czdBpJbzj7,0.4588,0.284,0.14,0.576
227,27,@CNN,Steve Easterbrook is out as McDonald's CEO and president after the board determined that he violated company policy‚Ä¶ https://t.co/GxnS05U1JB,-0.25,0.105,0.149,0.746
228,28,@CNN,"""Yes, this most unusual revolver was not designed to spin bullets,"" TSA joked in a press release. ""It was designed‚Ä¶ https://t.co/h1DvfujwWJ",0.3182,0.108,0.0,0.892
229,29,@CNN,"Former president Jimmy Carter said Sunday that he found he ""was absolutely and completely at ease with death"" when‚Ä¶ https://t.co/jLbP4KuuA3",-0.2782,0.113,0.158,0.729
230,30,@CNN,"The House committees leading the impeachment inquiry are hoping to hear from Robert Blair, an assistant to Presiden‚Ä¶ https://t.co/ig67YLpnMR",0.4215,0.135,0.0,0.865
231,31,@CNN,Former Republican Congressman and 2020 presidential hopeful Joe Walsh is slamming Fox News and conservative talk ra‚Ä¶ https://t.co/lS2Kiea8gH,0.5106,0.163,0.0,0.837
232,32,@CNN,Members of the early 2000s rap-rock group Crazy Town were bloodied but safe after their tour van smashed into a moo‚Ä¶ https://t.co/D5NrpdoReg,0.4854,0.157,0.069,0.774
233,33,@CNN,"As protesters in Lebanon, Iraq, Chile, Bolivia, Hong Kong and Spain railed against governments they felt had abando‚Ä¶ https://t.co/EuZGFl7SGO",-0.2263,0.0,0.095,0.905
234,34,@CNN,"Norwegian authorities have arrested high-profile American white supremacist Greg Johnson, hours before he was due t‚Ä¶ https://t.co/u5UreeHut8",-0.3818,0.077,0.158,0.765
235,35,@CNN,"Vermont Sen. Bernie Sanders criticized his 2020 presidential rival Sen. Elizabeth Warren's funding plan for ""Medica‚Ä¶ https://t.co/qGPJu6CBgX",-0.3612,0.0,0.135,0.865
236,36,@CNN,"Biden is at 28% among Democratic voters and independents who lean Democratic, while Warren, a Massachusetts Democra‚Ä¶ https://t.co/dtt6Zew5ah",0.0,0.0,0.0,1.0
237,37,@CNN,"Organizations report high numbers of missing black children, but the cases don't often receive much attention https://t.co/Y6dv4rpCac",-0.1531,0.0,0.091,0.909
238,38,@CNN,Omar Taylor was at a Northern California Halloween party hoping to entertain the crowd with music https://t.co/KEs4vhJxz8,0.7783,0.375,0.0,0.625
239,39,@CNN,"""You're the one that I want."" The black leather jacket and skin-tight pants worn by singer and actress Olivia Newto‚Ä¶ https://t.co/OPgXeh8hB1",-0.296,0.0,0.104,0.896
240,40,@CNN,"Rudy Boesch, who was a contestant on the first season of CBS' ""Survivor,"" has died, the SEAL Veterans Foundation sa‚Ä¶ https://t.co/ALuGnQ9XoQ",-0.5574,0.0,0.159,0.841
241,41,@CNN,"Departing from Rome at 10am local time on Sunday, the Boeing 747 Jumbo took a one-time flightpath to create the sha‚Ä¶ https://t.co/gceMc0JPCM",0.2732,0.095,0.0,0.905
242,42,@CNN,"President Trump was met with loud, sustained boos and some cheers as he entered Madison Square Garden for the Ultim‚Ä¶ https://t.co/hdNg7MbIRp",0.4767,0.134,0.0,0.866
243,43,@CNN,"A doctor said he saw mold growing on the walls in ICE detention. But he couldn't do anything -- he was detained, to‚Ä¶ https://t.co/DMygFjEif4",-0.6059,0.051,0.199,0.75
244,44,@CNN,Got to sleep in this morning? Here's a history of Daylight Saving Time https://t.co/lC9lQs80YK,0.0,0.0,0.0,1.0
245,45,@CNN,High winds and heavy rains dislodged the remains of a barge in the rapids above Niagara Falls that had been there 1‚Ä¶ https://t.co/ZqeZicwJV8,0.0,0.0,0.0,1.0
246,46,@CNN,Joyciline Jepkosgei ruined her esteemed countrywoman's chance at a fifth women's title in the New York City Marathon https://t.co/8d0wFfwktF,0.2023,0.213,0.135,0.652
247,47,@CNN,White House senior counselor Kellyanne Conway said that she does not know if President Trump withheld US military a‚Ä¶ https://t.co/csbEpnwOiU,0.0,0.0,0.0,1.0
248,48,@CNN,"Mark Zaid, an attorney for the anonymous whistleblower, said he offered to have Republican lawmakers submit questio‚Ä¶ https://t.co/kwwmRPyymf",0.0,0.0,0.0,1.0
249,49,@CNN,"""Your insurance is like a bad boyfriend. Girl, listen to me, you need to leave him,"" Kate McKinnon's Elizabeth Warr‚Ä¶ https://t.co/Ep2vjZlTB2",-0.296,0.103,0.194,0.702
250,50,@CNN,"When deputies arrived, they found a woman unconscious with her 12-year-old daughter, a 7-year-old boy, a 1-year-old‚Ä¶ https://t.co/S0coMW0mBl",0.0,0.0,0.0,1.0
251,51,@CNN,Fresh baked cookies in space? https://t.co/yoO3wxtl49,0.3182,0.315,0.0,0.685
252,52,@CNN,"An explosion at a Dow chemical plant in Plaquemine, Louisiana, created a loud noise but left no injuries and has no‚Ä¶ https://t.co/Y50dy1jSzh",-0.3182,0.067,0.126,0.807
253,53,@CNN,"Businessman Andrew Yang said he supports ""Medicare for All"" but would keep the option of private insurance, in star‚Ä¶ https://t.co/TfaPGABWRQ",0.1901,0.084,0.0,0.916
254,54,@CNN,"Flights to and from New Delhi's international airport were delayed and diverted as pollution reached ""unbearable"" l‚Ä¶ https://t.co/r1gfTJ7N5D",-0.128,0.073,0.098,0.829
255,55,@CNN,"The latest: Kellyanne Conway, counselor to the President, said today that asking a foreign leader to investigate a‚Ä¶ https://t.co/aos5jXtoDi",0.0,0.0,0.0,1.0
256,56,@CNN,"In the wake of O'Rourke's early exit from the 2020 race, supporters were left wondering how it was all possible: Ho‚Ä¶ https://t.co/RROu7eHyAv",0.4404,0.121,0.0,0.879
257,57,@CNN,Less than a week after President Trump reversed course on his plan to host next year's G-7 at his Trump National Do‚Ä¶ https://t.co/9MrwPB2pXu,0.0,0.0,0.0,1.0
258,58,@CNN,Lyft announced a new initiative that will give riders free or discounted rides to work and during the first three w‚Ä¶ https://t.co/GG9jsjCewM,0.5423,0.191,0.0,0.809
259,59,@CNN,"""We‚Äôre going to have to work hard to reestablish our credibility, not just there and not just with them, but really‚Ä¶ https://t.co/BRMlyz7dxT",-0.0516,0.0,0.054,0.946
260,60,@CNN,"At $249, the new AirPods Pro cost quite a bit more than the base model. Here are the new features that come with th‚Ä¶ https://t.co/TE93W3uDa1",0.0,0.0,0.0,1.0
261,61,@CNN,#FareedsTake: ‚ÄúThe death of Abu Bakr al-Baghdadi is a real victory in the war against terror groups. But as recent‚Ä¶ https://t.co/YTUZZ4XeoZ,-0.7269,0.0,0.295,0.705
262,62,@CNN,Watch these astronauts play baseball in zero-gravity aboard the International Space Station as part of a televised‚Ä¶ https://t.co/trpb5g7uGN,0.3612,0.189,0.0,0.811
263,63,@CNN,"It‚Äôs an unfathomable crime, but could an illness be to blame?¬†@LisaLing explores the dangerous effects of postpartu‚Ä¶ https://t.co/hTisaswzrb",-0.9194,0.0,0.465,0.535
264,64,@CNN,"These energy kites can go where wind turbines can't. Makani, which is owned by Google's parent company Alphabet, ho‚Ä¶ https://t.co/jpzfn8ACB1",0.2732,0.1,0.0,0.9
265,65,@CNN,This coal CEO supported Trump. Now his company is bankrupt. https://t.co/Lzkc0YebkD https://t.co/DIHS9DvNZe,-0.3182,0.145,0.226,0.629
266,66,@CNN,"""This baby fell out of the sky and landed in our yard."" 

A Samsung device sent into the stratosphere to take space‚Ä¶ https://t.co/Vpy1IfVOVz",0.0,0.0,0.0,1.0
267,67,@CNN,"A former soldier from Nepal has climbed the world's 14 highest peaks in just over six months, smashing the previous‚Ä¶ https://t.co/SQHnS3FBqo",0.0,0.0,0.0,1.0
268,68,@CNN,"The number of uninsured children grew by more than 400,000 between 2016 and 2018, an unprecedented decline in healt‚Ä¶ https://t.co/d4v0oaKZ7U",0.0772,0.064,0.0,0.936
269,69,@CNN,LaGuardia Airport in New York has unveiled its new $3.9 billion Delta Air Lines terminal. It's the latest phase in‚Ä¶ https://t.co/VFYepknDv9,0.0,0.0,0.0,1.0
270,70,@CNN,"Bobe was orphaned in the firefight. But thanks to a Syrian photojournalist and a sympathetic veterinarian clinic, t‚Ä¶ https://t.co/P9okeGuMwN",0.8519,0.356,0.0,0.644
271,71,@CNN,"In her final speech on the House floor, Rep. Katie Hill apologized more than a half-dozen times for mistakes that l‚Ä¶ https://t.co/dNRVO3Tc3m",-0.0516,0.097,0.105,0.798
272,72,@CNN,"This dad spent nearly 100 hours on an elaborate fighter jet costume for his son with cerebral palsy and autism, who‚Ä¶ https://t.co/Ic1KD1x4y4",0.1531,0.071,0.0,0.929
273,73,@CNN,People who died as a result of a mysterious outbreak of vaping-related lung injury often used products exclusively‚Ä¶ https://t.co/yhCPZdtir2,-0.7506,0.0,0.299,0.701
274,74,@CNN,"Gursimran Singh, a computer science student at Georgia Tech, spelled out ""HIRE ME"" across the windows of his apartm‚Ä¶ https://t.co/a20QakVAjK",0.0,0.0,0.0,1.0
275,75,@CNN,"Scientists seeking a more specific location have narrowed in on northern Botswana as the ""homeland"" for all modern‚Ä¶ https://t.co/iIa1OVjtE4",0.0,0.0,0.0,1.0
276,76,@CNN,"A package of marijuana has been retrieved from the nose of a man 18 years after he smuggled it into prison, in what‚Ä¶ https://t.co/sBlRoNPTgK",-0.7003,0.0,0.225,0.775
277,77,@CNN,"McDonald's has pulled a ""Sundae Bloody Sundae"" ad and apologized. 

Bloody Sunday is the name for the day in 1972 o‚Ä¶ https://t.co/z8sEY7vkuu",-0.5423,0.088,0.222,0.69
278,78,@CNN,16 things you *must* do in Japan https://t.co/7pewlebcIb https://t.co/f2OibCOa2C,0.0,0.0,0.0,1.0
279,79,@CNN,"The entire Arctic mining town of Kiruna, Sweden, is moving two miles to avoid sinking into the earth. More than 18,‚Ä¶ https://t.co/jAseOHCNjG",-0.296,0.0,0.095,0.905
280,80,@CNN,"Father Ricardo Rivera, a theology teacher at Cardinal Gibbons High School in Fort Lauderdale, Florida, has gone vir‚Ä¶ https://t.co/yucLBC2WVI",0.0,0.0,0.0,1.0
281,81,@CNN,"Rogue River Blue took the top prize at the 2019 World Cheese Awards, marking the first time a US cheese has ever be‚Ä¶ https://t.co/1j0Kpx5a9n",0.7964,0.288,0.0,0.712
282,82,@CNN,CNN's @HeySamantha tried Apple's AirPods Pro. Here's everything you need to know about the new $249 earbuds.‚Ä¶ https://t.co/kOqI4EDtWQ,0.0,0.0,0.0,1.0
283,83,@CNN,"Dogs and their sensitive noses are known for finding people during search and rescue efforts, sniffing out drugs an‚Ä¶ https://t.co/eEY5WGkWEX",0.5106,0.148,0.0,0.852
284,84,@CNN,This is what it's like to drive the most powerful factory-produced car Ford has ever made https://t.co/KXd6kdjuFY https://t.co/d3fzAhkUBo,0.6801,0.259,0.0,0.741
285,85,@CNN,"Measles can erase the immune system's memory, leaving us vulnerable to diseases we were previously protected agains‚Ä¶ https://t.co/MlEYkYYZmc",0.4939,0.232,0.086,0.682
286,86,@CNN,McDonald's is celebrating its 40th anniversary of the first Happy Meal by re-releasing some of its most popular toy‚Ä¶ https://t.co/2J2pR6JFhJ,0.8883,0.382,0.0,0.618
287,87,@CNN,"An Indiana woman found dead with an 8-foot python snake wrapped around her neck died from asphyxiation, officials s‚Ä¶ https://t.co/ME0rTLOfEm",-0.836,0.0,0.305,0.695
288,88,@CNN,McDonald's is celebrating its 40th anniversary of the first Happy Meal by re-releasing some of its most popular toy‚Ä¶ https://t.co/d6rbcmjHyz,0.8883,0.382,0.0,0.618
289,89,@CNN,RT @cnnbrk: A top aide to White House Chief of staff Mick Mulvaney has refused to testify in the House impeachment inquiry after the White‚Ä¶,-0.1027,0.069,0.085,0.846
290,90,@CNN,"RT @cnnbrk: Actor Brian Tarantina, who recently appeared in ""The Marvelous Mrs. Maisel,"" has died at age 60, his manager said https://t.co/‚Ä¶",0.0772,0.142,0.131,0.727
291,91,@CNN,President Trump and other 2016 Trump campaign officials repeatedly privately discussed how the campaign could get a‚Ä¶ https://t.co/L2AWKWBkf6,0.0,0.0,0.0,1.0
292,92,@CNN,Yudhijit Bhattacharjee writes about the moment the FBI began to unravel an extraordinary espionage plot involving a‚Ä¶ https://t.co/QMA4jWqzuu,0.0,0.0,0.0,1.0
293,93,@CNN,"It's only been two weeks, and R&amp;B singer Frank Ocean has already released another surprise single https://t.co/ocm4WD9jtz",0.2732,0.116,0.0,0.884
294,94,@CNN,"Airbnb will be cracking down on unauthorized house parties, CEO Brian Chesky announced, after a shooting at a renta‚Ä¶ https://t.co/4rVnzn3HKD",0.4019,0.137,0.0,0.863
295,95,@CNN,"Delta Air Lines says in-flight versions of the films ""Booksmart"" and Elton John's biopic ""Rocketman"" will no longer‚Ä¶ https://t.co/Na2KBnbHcy",-0.296,0.0,0.109,0.891
296,96,@CNN,Blizzard said it was sorry and announced new games but gamers aren't happy with it. https://t.co/ePWVX2F4LQ,-0.6306,0.0,0.269,0.731
297,97,@CNN,"‚ÄúWhat people seem to be arguing over is this idea that, ‚ÄòOh, that's what everybody does.‚Äô Well, we're here to say t‚Ä¶ https://t.co/E6jd3Xcxqr",-0.2263,0.08,0.115,0.805
298,98,@CNN,"The Trump administration has indefinitely suspended military aid to support Lebanese Armed Forces, a source said https://t.co/fLisY3pRGh",-0.1027,0.136,0.157,0.707
299,99,@CNN,The Trump administration has proposed a rule that critics say will allow adoption and foster care agencies to recei‚Ä¶ https://t.co/tMsBoDRPfL,0.4404,0.219,0.094,0.687
300,0,@FoxNews,BREAKING: Federal appeals court rules against Trump administration on DACA https://t.co/KHnrNvEKAM,0.0,0.0,0.0,1.0
301,1,@FoxNews,"Breaking News: Grand jury indicts captain of Missouri duck boat that sank in severe weather, killing 17 people https://t.co/ffOOgzRwdo",-0.6124,0.115,0.269,0.615
302,2,@FoxNews,"JUST IN: Police identify gunman who opened fire inside California bar, killing 12 https://t.co/PvITYr54AX",-0.7783,0.0,0.362,0.638
303,3,@FoxNews,JUST IN: Supreme Court Justice Ruth Bader Ginsburg fractures 3 ribs in fall https://t.co/9UM9hKTz4m,0.7906,0.389,0.0,0.611
304,4,@FoxNews,"Sgt. Ron Helus was fatally shot when he responded to the mass shooting on Nov. 7 at a bar in Thousand Oaks, Califor‚Ä¶ https://t.co/vOH3OWPN5S",-0.6369,0.0,0.167,0.833
305,5,@FoxNews,Tom Homan: ‚ÄúIt‚Äôs a tragedy each and every time.‚Äù https://t.co/dMV68Hfdz0 https://t.co/hrq51VJg7x,-0.6597,0.0,0.328,0.672
306,6,@FoxNews,"People walk away from the scene in Thousand Oaks, Calif. where a gunman opened fire Wednesday.‚Ä¶ https://t.co/O3Oo2iLL8O",-0.34,0.0,0.138,0.862
307,7,@FoxNews,Teylor Whittler describes what she witnessed at California bar shooting https://t.co/dMV68Hfdz0 https://t.co/YznTZgQoYY,0.0,0.0,0.0,1.0
308,8,@FoxNews,"An FBI agent talks to a potential witness as they stand near the scene in Thousand Oaks, Calif. where a gunman open‚Ä¶ https://t.co/7QOmXNTYM0",0.0,0.0,0.0,1.0
309,9,@FoxNews,Ventura County Fire Department Captain Stan Ziegler: ‚ÄúHundreds of first responders responded initially to the scene‚Ä¶ https://t.co/o4gArhmy4e,-0.34,0.0,0.13,0.87
310,10,@FoxNews,"People comfort each other as they stand near the scene in Thousand Oaks, Calif. where a gunman opened fire during a‚Ä¶ https://t.co/wPI4XSpirC",0.0258,0.105,0.1,0.795
311,11,@FoxNews,"California bar shooting leaves 12 dead, including sheriff's sergeant, police say https://t.co/dMV68Hfdz0 https://t.co/WvjarPpwPV",-0.6486,0.0,0.264,0.736
312,12,@FoxNews,"California bar shooting leaves 12 dead, including sheriff's sergeant, police say https://t.co/GqI77wMuYZ",-0.6486,0.0,0.281,0.719
313,13,@FoxNews,"Sheriff's deputies speak to potential witnesses as they stand near the scene in Thousand Oaks, Calif., where a gunm‚Ä¶ https://t.co/jPE8k9oQHr",0.0,0.0,0.0,1.0
314,14,@FoxNews,13 dead in country music bar including gunman https://t.co/PvITYr54AX https://t.co/UURBIatqte,-0.6486,0.0,0.323,0.677
315,15,@FoxNews,"12 dead in shooting at Thousand Oaks nightclub, police say https://t.co/PvITYr54AX https://t.co/o8Nf8WuJcZ",-0.6486,0.0,0.281,0.719
316,16,@FoxNews,"Breaking News: At least 12 dead in shooting at Thousand Oaks nightclub, police say https://t.co/u6sVxdzHq5",-0.6486,0.0,0.235,0.765
317,17,@FoxNews,.@CarleyShimkus is live with the ‚ÄòFox News Update‚Äô on Facebook Watch: https://t.co/hNrB8xzepH https://t.co/cQ9uxkjUIK,0.0,0.0,0.0,1.0
318,18,@FoxNews,"Authorities deliver an update on the shooting in Thousand Oaks, California. (Courtesy: KABC) https://t.co/BtGxxIfNx5",0.0,0.0,0.0,1.0
319,19,@FoxNews,Pastor Dimas Salaberrios on California shooting: ‚ÄúMy immediate thoughts go out to the families. Because what‚Äôs happ‚Ä¶ https://t.co/iowf5VOL2l,0.0,0.0,0.0,1.0
320,20,@FoxNews,"Las Vegas shooting survivors were inside Thousand Oaks bar, friends say https://t.co/nW9TLTON9n",0.4767,0.22,0.0,0.78
321,21,@FoxNews,"UPDATE: At least 11 wounded in shooting at California bar, gunman dead, police say https://t.co/awRowfbeRy",-0.6486,0.0,0.235,0.765
322,22,@FoxNews,Authorities confirm gunman is dead @FoxFriendsFirst https://t.co/PvITYr54AX https://t.co/a2EIH1EWmA,-0.6486,0.0,0.381,0.619
323,23,@FoxNews,Ventura County Sheriff‚Äôs Office Captain Garo Kuredjian: ‚ÄúI don‚Äôt know what the condition of any of the victims are‚Ä¶ https://t.co/96mT27WHZv,-0.3182,0.0,0.108,0.892
324,24,@FoxNews,"At least 11 shot, including sheriff‚Äôs deputy ‚Äî Jonathan Hunt has the latest from the scene of the California shooti‚Ä¶ https://t.co/sLzLyMsrn5",0.0,0.0,0.0,1.0
325,25,@FoxNews,Witnesses describe chaotic scene during Thousand Oaks shooting https://t.co/qE8RqKGjz3,-0.4939,0.0,0.286,0.714
326,26,@FoxNews,UPDATE: At least 11 people hurt in California shooting @FoxFriendsFirst https://t.co/PvITYr54AX https://t.co/RGWIkaxF4f,-0.5267,0.0,0.236,0.764
327,27,@FoxNews,"Daniel Hoffman on California shooting: ‚ÄúThis still an active shooter scene, and the focus is on dealing with that a‚Ä¶ https://t.co/PiwHhe5HuX",0.4019,0.119,0.0,0.881
328,28,@FoxNews,"Former Las Vegas Metro Police Lt. Randy Sutton: ‚ÄúThose who respond to this show incredible bravery, because they ar‚Ä¶ https://t.co/idcJJuVRMP",0.4939,0.144,0.0,0.856
329,29,@FoxNews,"Authorities deliver a briefing on a shooting in Thousand Oaks, California. (Courtesy: KCBS) https://t.co/5VGZz3rDIL",0.0,0.0,0.0,1.0
330,30,@FoxNews,"Mass shooting at California bar, @HeatherChilders &amp; @JackieibanezFNC have the latest @FoxFriendsFirst‚Ä¶ https://t.co/8c8H5LUFCu",0.0,0.0,0.0,1.0
331,31,@FoxNews,Tesla names Robyn Denholm as Chairman to replace Elon Musk (via @FoxBusiness) https://t.co/SKjBXxUdOD,0.0,0.0,0.0,1.0
332,32,@FoxNews,@marcthiessen: ‚ÄúThe president today made very clear that he wants to cut deals with the Democrats. And quite frankl‚Ä¶ https://t.co/3eA2dn4vQh,0.2006,0.126,0.091,0.783
333,33,@FoxNews,".@TuckerCarlson: ""While everyone else obsessed over dossiers and FISA warrants, Sessions worried about the mission‚Ä¶ https://t.co/LSvnOqZMsq",-0.4404,0.0,0.218,0.782
334,34,@FoxNews,"Wife's dying wish was for him to clean up bloody crime scene, suspect claims: reports https://t.co/7Wxd39jDEB",-0.4939,0.216,0.344,0.44
335,35,@FoxNews,DEVELOPING: Massive police response after reports of shooting at California nightclub https://t.co/awRowfsPJ6,0.0,0.0,0.0,1.0
336,36,@FoxNews,".@senatemajldr Mitch McConnell said Wednesday that Democrats and Republicans will have to address health care ""on a‚Ä¶ https://t.co/XxmktKMZ7F",0.4939,0.158,0.0,0.842
337,37,@FoxNews,"Joseph diGenova on who could replace AG Sessions: ""@ChrisChristie would have the full confidence of @POTUS, which i‚Ä¶ https://t.co/lt485btkXG",0.5106,0.155,0.0,0.845
338,38,@FoxNews,Dem @GavinNewsom's wild victory party in LA features controversial rapper @common https://t.co/V9SSpxOUH7,0.2263,0.186,0.124,0.69
339,39,@FoxNews,".@jasoninthehouse: ‚ÄúAttorney General @jeffsessions is a patriot. He was a good Republican, and I applaud him for hi‚Ä¶ https://t.co/MRia8l8dOM",0.7096,0.296,0.0,0.704
340,40,@FoxNews,"Devotees lit earthen lamps in Ayodhya, India as part of Diwali celebrations, also known as a festival of lights, on‚Ä¶ https://t.co/uWGZnrkvqD",0.5719,0.207,0.0,0.793
341,41,@FoxNews,".@TGowdySC on Jeff Sessions resigning: ""It was going to happen...He's been a proverbial dead man walking for severa‚Ä¶ https://t.co/ojKL4KMFTz",-0.7351,0.0,0.279,0.721
342,42,@FoxNews,Mob chants threats outside @TuckerCarlson‚Äôs DC home https://t.co/IJE8m5gjWi,-0.4215,0.0,0.286,0.714
343,43,@FoxNews,".@TuckerCarlson: ""Supporting marriage and children is the best, maybe the only way, for Republicans or any of us to‚Ä¶ https://t.co/fqPwC8XTaY",0.7964,0.283,0.0,0.717
344,44,@FoxNews,.@KennedyNation: Dems in 2020 better without Nancy https://t.co/54vTCiffG4,0.4404,0.293,0.0,0.707
345,45,@FoxNews,Battleground-state Dems who opposed Kavanaugh all defeated https://t.co/guqMSVjd74,-0.4767,0.0,0.307,0.693
346,46,@FoxNews,".@Jim_Jordan on his run for House GOP leader: ‚ÄúWe have to match [@POTUS‚Äôs] intensity, that‚Äôs what I want to do. If‚Ä¶ https://t.co/2VOW1ykCsI",0.0772,0.061,0.0,0.939
347,47,@FoxNews,.@senatemajldr: Dem Votes Against Kavanaugh Were a 'Godsend' to GOP in Midterms https://t.co/ietr8sP4EQ,0.0,0.0,0.0,1.0
348,48,@FoxNews,.@marcthiessen: ‚ÄúThere‚Äôs lots of things that Democrats could take a stand on that they find inherently unacceptable‚Ä¶ https://t.co/c7UFDzFd60,0.0,0.0,0.0,1.0
349,49,@FoxNews,".@DarrellIssa on the Mueller probe: ""Two years is a long time to look for a crime you can't prove.""‚Ä¶ https://t.co/plX9kxpSXy",-0.5423,0.0,0.171,0.829
350,50,@FoxNews,"Second teen dies of gunshot wound after Oklahoma mom's rampage, authorities say https://t.co/VUQxsa3mq3",0.0,0.0,0.0,1.0
351,51,@FoxNews,.@marcthiessen: ‚ÄúThe president today made very clear that he wants to cut deals with the Democrats. And quite frank‚Ä¶ https://t.co/MGVdJQVfUt,0.2006,0.126,0.091,0.783
352,52,@FoxNews,"Florida Highway Patrol cruiser hits 142 mph in pursuit, catches on fire https://t.co/GqWKI45AAm",-0.34,0.0,0.167,0.833
353,53,@FoxNews,Democratic strategist @LeslieMarshall: ‚ÄúWhat we need is not a wall ‚Äî and not a wall that we can‚Äôt afford ‚Äî but comp‚Ä¶ https://t.co/TzRWVJQeVv,0.0,0.0,0.0,1.0
354,54,@FoxNews,"Sex offender gets 22 years after missing boy, 14, found in his room at halfway house, authorities say https://t.co/sDd0VQzob4",-0.5719,0.0,0.217,0.783
355,55,@FoxNews,".@POTUS touts Senate gains, @LelandVittert breaks down the results @foxnewsnight https://t.co/VMzif8sgHH",0.3182,0.192,0.088,0.72
356,56,@FoxNews,Former Kavanaugh colleague among group being considered to replace Sessions as AG: reports https://t.co/HxAlDZx2Mg,0.0,0.0,0.0,1.0
357,57,@FoxNews,"Too close to call: Meticulous vote count transpiring in Arizona Senate race, @aacuna1 reports @foxnewsnight https://t.co/DV6EX4Ogxe",0.0,0.0,0.0,1.0
358,58,@FoxNews,"Former SEAL Mocked by 'SNL' Wins TX House Seat, Calls for More Vets in Congress https://t.co/T0PAhopphH‚Ä¶ https://t.co/qhS5BVOE2U",0.6841,0.298,0.099,0.603
359,59,@FoxNews,South Carolina voter told to remove 'Trump' shirt in order to vote: report https://t.co/xWY2EdSpDF,0.0,0.0,0.0,1.0
360,60,@FoxNews,.@POTUS: ‚ÄúHopefully we can all work together next year to continue delivering for the American people.‚Äù‚Ä¶ https://t.co/FdLczQZN4g,0.0,0.0,0.0,1.0
361,61,@FoxNews,Former US Attorney Harry Litman on Whitaker &amp; Mueller probe: ‚ÄúI think most people think it‚Äôs unlikely that he would‚Ä¶ https://t.co/6W1eHbZ7zZ,0.0,0.0,0.0,1.0
362,62,@FoxNews,Pete Davidson's 'SNL' castmate Kenan Thompson talks Dan Crenshaw joke: 'They are figuring out a way to right that w‚Ä¶ https://t.co/MlIJF907FK,0.296,0.104,0.0,0.896
363,63,@FoxNews,".@jasoninthehouse: ‚ÄúAttorney General @jeffsessions is a patriot. He was a good Republican, and I applaud him for hi‚Ä¶ https://t.co/lqmOqmHcJZ",0.7096,0.296,0.0,0.704
364,64,@FoxNews,"Tom Dupree on Acting Attorney General Matthew Whitaker: ‚ÄúCalls for him to recuse from Russia, I think, are meritles‚Ä¶ https://t.co/74TWeQngjg",0.0,0.0,0.0,1.0
365,65,@FoxNews,"Cabinet shakeup expected after @jeffsessions pushed out, @edhenry reports @foxnewsnight https://t.co/6UTwyCpZRV https://t.co/MY7kH6s4T7",-0.1531,0.0,0.127,0.873
366,66,@FoxNews,"New reactions to Sessions resignation, Catherine Herridge has the story @foxnewsnight https://t.co/6UTwyCHBgv https://t.co/FaiATyMSgC",-0.296,0.0,0.155,0.845
367,67,@FoxNews,MLB star @Bharper3407 rejects $300M offer from Nationals: Reports (via @FoxBusiness) https://t.co/Bgfoyi7fNH,-0.4939,0.0,0.225,0.775
368,68,@FoxNews,Doug Schoen: Trump shouldn‚Äôt have fired Jeff Sessions ‚Äì here‚Äôs why https://t.co/0ITTpZyqyx,-0.5574,0.0,0.265,0.735
369,69,@FoxNews,"Joseph diGenova on who could replace AG Sessions: ""@ChrisChristie would have the full confidence of @POTUS, which i‚Ä¶ https://t.co/3eoxyIurd3",0.5106,0.155,0.0,0.845
370,70,@FoxNews,‚ÄòBrady Bunch‚Äô cast to take part in TV home‚Äôs renovation: report https://t.co/rebtV4qkql,0.0,0.0,0.0,1.0
371,71,@FoxNews,".@TuckerCarlson: Dems' Election Message Was All 'Trump', No Substance https://t.co/CscvHQkfAX",-0.296,0.0,0.196,0.804
372,72,@FoxNews,"11-year-old in North Carolina charged with putting needles in Halloween candy, police say https://t.co/Dm3F07wpIt",-0.2023,0.0,0.122,0.878
373,73,@FoxNews,Rhino rescue? Scientists may hold key to saving northern white rhinoceros from extinction  https://t.co/VUifTtCbTk,0.5106,0.202,0.0,0.798
374,74,@FoxNews,"RT @FoxBusiness: Rick Scott: ""Socialism will not happen in our nation, and it's not going to happen under my watch."" https://t.co/CLNOuNnGNo",0.0,0.0,0.0,1.0
375,75,@FoxNews,"Democrat Colin Allred, who unseated Rep. Pete Sessions, won't say if he'll back Pelosi https://t.co/mNox8bKgiA",0.0,0.0,0.0,1.0
376,76,@FoxNews,Surveillance video shows Michigan woman reportedly reversing car into store https://t.co/tJr2cUsZ8a,0.0,0.0,0.0,1.0
377,77,@FoxNews,".@senatemajldr Mitch McConnell said Wednesday that Democrats and Republicans will have to address health care ""on a‚Ä¶ https://t.co/xF54bEhvOA",0.4939,0.158,0.0,0.842
378,78,@FoxNews,Woman finds her diamond before proposal and 'ring shames' herself https://t.co/uoLHUxHeBD,-0.0772,0.17,0.191,0.638
379,79,@FoxNews,McDonald's customers‚Äô $5M lawsuit over unwanted Quarter Pounder cheese dismissed by judge https://t.co/yBEvL4cAFK,-0.4215,0.0,0.257,0.743
380,80,@FoxNews,Trump neuters ObamaCare birth control coverage mandate with limits on plans covering abortion https://t.co/ZXX1uDaqXl,0.0,0.0,0.0,1.0
381,81,@FoxNews,The New York Police Department gathered about 20 saluting officers and held an aviation flyover to honor an Emergen‚Ä¶ https://t.co/AUnS1mBlzM,0.4939,0.144,0.0,0.856
382,82,@FoxNews,"RT @FoxBusiness: .@KellyannePolls: ""Many people want to work in @POTUS' administration."" https://t.co/to6mCzFkA7",0.0772,0.106,0.0,0.894
383,83,@FoxNews,"A trooper took this beautiful photo of a double rainbow over a New York State Police squad car, Tuesday. https://t.co/j9V1h3Ja5p",0.6833,0.224,0.0,0.776
384,84,@FoxNews,Jeff Sessions' departure leads to questions about Russia probe's future https://t.co/5iWsDcmrYO,0.0,0.0,0.0,1.0
385,85,@FoxNews,".@TuckerCarlson: ""While everyone else obsessed over dossiers and FISA warrants, Sessions worried about the mission‚Ä¶ https://t.co/9Kv1DtfGKv",-0.4404,0.0,0.218,0.782
386,86,@FoxNews,South Carolina voter told to remove 'Trump' shirt in order to vote: report https://t.co/HXoKJGWYxV,0.0,0.0,0.0,1.0
387,87,@FoxNews,Virginia drug-dealing mom gets 10-day jail sentence after providing marijuana to three children https://t.co/PiU3CthxVx,0.0772,0.091,0.0,0.909
388,88,@FoxNews,".@TuckerCarlson: ""Supporting marriage and children is the best, maybe the only way, for Republicans or any of us to‚Ä¶ https://t.co/WrELn434wB",0.7964,0.283,0.0,0.717
389,89,@FoxNews,Fox News Channel tops all broadcast and cable news networks in total viewers for midterm election coverage.‚Ä¶ https://t.co/H418QSswpI,0.5106,0.163,0.0,0.837
390,90,@FoxNews,"Sacha Baron Cohen revives 'Borat' character to talk politics, midterm election https://t.co/taa4Z5RCj1",0.3818,0.191,0.0,0.809
391,91,@FoxNews,"Violinist claims Southwest Airlines forced him to leave flight after he refused to check $80,000 instrument https://t.co/S5TxSoH3uu",-0.6597,0.0,0.314,0.686
392,92,@FoxNews,"'Take Their Word For It': Jim Jordan Warns of Congressional Investigations By Nadler, Waters, Schiff https://t.co/ZXsUPobdbG",-0.1027,0.0,0.085,0.915
393,93,@FoxNews,"Former Governor John Sununu: ""What really made a big difference in the House races around the country last night is‚Ä¶ https://t.co/HYFtiI57mO",0.0,0.0,0.0,1.0
394,94,@FoxNews,"Georgia posts private information of 300,000 absentee voters (via @keiperjourno) https://t.co/5H4ETZthYC",-0.2732,0.0,0.174,0.826
395,95,@FoxNews,"CNN's Jim Acosta press pass suspended by White House, Sarah Sanders announces https://t.co/5iiXWRUrCI",-0.4767,0.0,0.205,0.795
396,96,@FoxNews,"BREAKING: CNN's Jim Acosta press pass suspended by White House, Sarah Sanders announces https://t.co/eBITlnvfUj",-0.4767,0.0,0.193,0.807
397,97,@FoxNews,".@GovChrisSununu: ""I don't think last night was a referendum on the president. I think last night was really a refe‚Ä¶ https://t.co/lsznjxEPqK",0.0,0.0,0.0,1.0
398,98,@FoxNews,Dershowitz on Sessions' Departure: Not All GOP Senators Will Allow Trump to Demand 'Loyalty' From New AG https://t.co/lrq24Ih7lc,0.1027,0.098,0.077,0.825
399,99,@FoxNews,"RT @MikeEmanuelFox: Democrats gear up for 2020 presidential race - from #SpecialReport tonight: 

https://t.co/2rYNfdShiO",0.0,0.0,0.0,1.0
400,0,@nytimes,How much would it cost to pay for Medicare for all? It depends how you look at it. The @UpshotNYT explains how adop‚Ä¶ https://t.co/PofGzeVYK6,-0.1027,0.0,0.057,0.943
401,1,@nytimes,"Southern California Edison, one of California's largest electric companies, disclosed on Friday that just 13 minute‚Ä¶ https://t.co/pRwBeM70Nm",0.0,0.0,0.0,1.0
402,2,@nytimes,Louis C.K. is back on tour after admitting to sexual misconduct against several women. The fine print for tickets s‚Ä¶ https://t.co/o1BUltmgZV,0.2023,0.083,0.0,0.917
403,3,@nytimes,Jane Fonda moved to Washington in September to highlight the urgency of the climate crisis by staging protests at t‚Ä¶ https://t.co/z19eKCBzjw,-0.5574,0.091,0.227,0.682
404,4,@nytimes,"RT @TheWeekly: More than 28,000 drunk-driving cases were thrown out in Massachusetts last year, and some drivers who were likely guilty wer‚Ä¶",-0.4215,0.0,0.118,0.882
405,5,@nytimes,"Ashleigh Barty took home a record $4.42 million paycheck for the WTA Finals title, the richest winner‚Äôs prize in te‚Ä¶ https://t.co/Rn7yJY0etp",0.7717,0.271,0.0,0.729
406,6,@nytimes,"On Sunday in Hong Kong, at least 6 people were injured when a man with a knife attacked a family at a shopping mall‚Ä¶ https://t.co/nv8fwVOzEM",-0.6908,0.0,0.241,0.759
407,7,@nytimes,"RT @TheWeekly: Watch #TheWeeklyNYT with our reporters @StacyCowley, @jbsgreenberg and @Nataliekitro at 10/9c tonight on @FXNetworks. And as‚Ä¶",0.0,0.0,0.0,1.0
408,8,@nytimes,President Trump attacks someone or something in more than half of his tweets https://t.co/3b9hVv8ndn https://t.co/EYdIwYH0To,-0.4404,0.0,0.172,0.828
409,9,@nytimes,"Across a fire-torn region of Northern California, families packed up, got in their cars and drove into the darkness‚Ä¶ https://t.co/dwYVz1A6bJ",0.0,0.0,0.0,1.0
410,10,@nytimes,RT @JimBYardley: This is a major NYT investigation by @selamgkidan @mattapuzzo @b_novak Many of the same oligarchs and populists who are un‚Ä¶,0.0,0.0,0.0,1.0
411,11,@nytimes,"‚ÄúThe Irishman,‚Äù the director Martin Scorsese‚Äôs latest crime epic, premiered Friday in movie theaters around the U.S‚Ä¶ https://t.co/iw5sFezVPI",-0.5423,0.0,0.171,0.829
412,12,@nytimes,A U.S. soldier stationed in Iraq began a pen pal relationship with a kindergarten class more than a decade ago. Las‚Ä¶ https://t.co/mhzSItPZn6,0.0,0.0,0.0,1.0
413,13,@nytimes,"RT @davidenrich: @nytimes @StacyCowley @jbsgreenberg @Nataliekitro @randypennell @DraegerNews This is a long story, but it‚Äôs worth your tim‚Ä¶",0.3291,0.128,0.0,0.872
414,14,@nytimes,A win for the Baltimore Ravens on Sunday night would be a big boost to their chance of making the NFL playoffs. Thi‚Ä¶ https://t.co/bPeiVGIkq4,0.8176,0.309,0.0,0.691
415,15,@nytimes,"""I want to know what happened to her, what is the reason for that ‚Äî but no one tells me ‚Äî I am just waiting,"" Ola S‚Ä¶ https://t.co/SN5wKDnZm8",-0.3919,0.043,0.104,0.853
416,16,@nytimes,"""You can‚Äôt describe a guy like Brian, you just had to be there,"" the creators of ""The Marvelous Mrs. Maisel"" said.‚Ä¶ https://t.co/wRSUQ53Amy",0.7506,0.252,0.0,0.748
417,17,@nytimes,"Elizabeth Warren and Pete Buttigieg increasingly are gaining momentum ahead of the February Iowa caucuses.
https://t.co/MXaEL4V7Rm",0.4215,0.157,0.0,0.843
418,18,@nytimes,"RT @TheWeekly: One of the most common forensic tools in law enforcement, used in hundreds of thousands of arrests every year, may be unreli‚Ä¶",-0.4404,0.0,0.112,0.888
419,19,@nytimes,"This broth, seasoned with salted lemon, rosemary, and tomatoes, bathes chicken and chickpeas to make a lovely stew
https://t.co/9wWoghk5vk",0.5859,0.183,0.0,0.817
420,20,@nytimes,Read more about California's efforts to fight wildfires and climate change: https://t.co/95PanmoN7H https://t.co/mIcaOgOL6c,-0.3818,0.0,0.178,0.822
421,21,@nytimes,"In Opinion

The editorial board writes, ""Americans are increasingly desperate for affordable medicines. Given the s‚Ä¶ https://t.co/VvCWEE3Lq8",-0.3182,0.0,0.126,0.874
422,22,@nytimes,RT @karenyourish: We did it so you don‚Äôt have to. https://t.co/saLbE4XJNS,0.0,0.0,0.0,1.0
423,23,@nytimes,A New York Times investigation revealed that alcohol breath tests have flaws that prompted states around the U.S. t‚Ä¶ https://t.co/PLZ4HhEK5G,0.0,0.0,0.0,1.0
424,24,@nytimes,"The CEO of McDonald's is leaving his role, the fast-food chain announced, after he engaged in a consensual relation‚Ä¶ https://t.co/M5vQqhL2fw",0.4019,0.13,0.0,0.87
425,25,@nytimes,"For teenagers and  20-somethings between San Diego, California, and El Paso, Jessica Lehrman and Walter Thompson-He‚Ä¶ https://t.co/3GUmkZiduo",0.0,0.0,0.0,1.0
426,26,@nytimes,A win for the Green Bay Packers today would give them one of the best chances of any NFL team to make the playoffs.‚Ä¶ https://t.co/LOGQBCtbY8,0.8689,0.318,0.0,0.682
427,27,@nytimes,RT @StacyCowley: Some invaluable sources for the breath-testing investigation @jbsgreenberg &amp; I published today aren't named in the story.‚Ä¶,0.0,0.0,0.0,1.0
428,28,@nytimes,Drones are being increasingly used by criminals across the country ‚Äî in some cases to smuggle drugs or drop homemad‚Ä¶ https://t.co/D1aAPE6Foo,-0.8126,0.0,0.331,0.669
429,29,@nytimes,"""Terminator: Dark Fate"" fell short of prerelease sales expectations by 30%, calling into question the future of the‚Ä¶ https://t.co/JSj8u5R2cr",0.0,0.0,0.0,1.0
430,30,@nytimes,"RT @shearm: STOPPING TRUMP‚Äôs tweets ‚Äî Early on, top aides wanted to restrain the president‚Äôs Twitter habit, even considering asking the com‚Ä¶",-0.1363,0.078,0.101,0.821
431,31,@nytimes,"Brands are using Airbnb to create pop-up marketing campaigns, turning everything from a Wienermobile to the Downton‚Ä¶ https://t.co/0g1m0Gjseu",0.2732,0.116,0.0,0.884
432,32,@nytimes,"Elizabeth Warren told reporters that her plan to pay for ""Medicare for all"" would raise taxes only on billionaires,‚Ä¶ https://t.co/UBQ9TueSOM",-0.1027,0.0,0.069,0.931
433,33,@nytimes,The whistleblower who touched off the impeachment inquiry with his explosive complaint about President Trump's effo‚Ä¶ https://t.co/dlJndle0l3,-0.296,0.0,0.121,0.879
434,34,@nytimes,"Oligarchs, populists and agriculture mobsters are all milking the E.U.'s $65 billion farm subsidy program, our inve‚Ä¶ https://t.co/NcCR7thN4E",0.0,0.0,0.0,1.0
435,35,@nytimes,"RT @collinskeith: - Donald Trump looks at Twitter favs as an indicator of public opinion

- His attacks on immigrants and POC get above-ave‚Ä¶",-0.4404,0.0,0.121,0.879
436,36,@nytimes,There has been plenty of research on the ways that women who have recently given birth experience changes in the qu‚Ä¶ https://t.co/T6vaO15Geg,0.0,0.0,0.0,1.0
437,37,@nytimes,"They read every one of President Trump's tweets from Inauguration Day through Oct. 15, 2019 ‚Äî more than 11,000 in a‚Ä¶ https://t.co/Cdtk18igmz",0.0,0.0,0.0,1.0
438,38,@nytimes,"Walter Mercado, the Puerto Rican astrologer who captivated Latino families across the world with extravagant televi‚Ä¶ https://t.co/WMLn88O840",0.3818,0.14,0.0,0.86
439,39,@nytimes,"RT @S_Evangelina: Our mothers, tias and tios relied on his advice but I think what captivated his 120 million daily viewers was his positiv‚Ä¶",0.5267,0.134,0.0,0.866
440,40,@nytimes,"To experience the New York City Marathon is to fall in love with it. See today's race in photos:
https://t.co/xIcXIPyntF",0.6369,0.181,0.0,0.819
441,41,@nytimes,"Sunday's week 9 action of the NFL season is about to kick off. 

Become a playoff picture expert and explore the‚Ä¶ https://t.co/YuOEfFf8iR",0.0,0.0,0.0,1.0
442,42,@nytimes,"Watch #TheWeeklyNYT tonight at 10/9c on FX. Monday on Hulu.
https://t.co/UQ8Kb9nTDp",0.0,0.0,0.0,1.0
443,43,@nytimes,".@StacyCowley and @jbsgreenberg interviewed more than 100 lawyers, scientists, executives and police officers to re‚Ä¶ https://t.co/MswROhiwjN",0.0,0.0,0.0,1.0
444,44,@nytimes,"As states throw out years of results, it's inevitable that some dangerous drivers will get back on the road. In Mas‚Ä¶ https://t.co/0OhjKXp8mX",-0.4767,0.0,0.129,0.871
445,45,@nytimes,"In state after state, we found examples of loose oversight, including Washington State officials who debated whethe‚Ä¶ https://t.co/kcad8Pp02G",-0.3182,0.0,0.119,0.881
446,46,@nytimes,"Across the U.S., convictions are now being challenged and overturned due to human error. One court called a state's‚Ä¶ https://t.co/Q5r1nITgyl",-0.4767,0.0,0.194,0.806
447,47,@nytimes,"With drunk driving, a small variation in blood-alcohol level is the difference between committing a crime or not.‚Ä¶ https://t.co/xdGq30rc2g",-0.6808,0.061,0.278,0.66
448,48,@nytimes,"In every state in the U.S., drivers can be punished for refusing a breath test when they're suspected of drunk driv‚Ä¶ https://t.co/ROvT4FziCm",-0.8402,0.0,0.37,0.63
449,49,@nytimes,Breaking News: Joyciline Jepkosgei of Kenya upset Mary Keitany to win the women‚Äôs race at the New York City Maratho‚Ä¶ https://t.co/JRE9Q2PfAj,0.296,0.15,0.102,0.748
450,50,@nytimes,"Nigel Farage, the Brexit party leader, says he won't run in Britain's general election in December and instead plan‚Ä¶ https://t.co/iyhnEu4BQu",0.4019,0.124,0.0,0.876
451,51,@nytimes,A federal judge on Saturday blocked the Trump administration from implementing a policy that would require immigran‚Ä¶ https://t.co/JcqKGFOVae,-0.2732,0.0,0.123,0.877
452,52,@nytimes,"See more from @LamYikFei's coverage of the Hong Kong protests.
https://t.co/fpMdOKXL5f",-0.2263,0.0,0.16,0.84
453,53,@nytimes,Hong Kong police fired tear gas into a shopping district on Saturday and sent bystanders fleeing. Our photographer‚Ä¶ https://t.co/QiroOqYx4k,-0.5574,0.0,0.175,0.825
454,54,@nytimes,"In the afternoon, protesters splintered off and spread into multiple neighborhoods. When police charged one group,‚Ä¶ https://t.co/WBbrmbtUwX",-0.4019,0.0,0.198,0.802
455,55,@nytimes,"@LamYikFei Thousands of people had gathered in Hong Kong for an election rally, part of a call for greater democrac‚Ä¶ https://t.co/8BI8AAqRsb",0.3612,0.116,0.0,0.884
456,56,@nytimes,Daniel Romanchuk of the U.S. won the men‚Äôs wheelchair race of the New York City Marathon in a rematch of last year‚Äô‚Ä¶ https://t.co/YsNUqvQJ75,0.5719,0.15,0.0,0.85
457,57,@nytimes,"Sara Hall's secret is stacking marathons on top of each other, with minimal recovery time. She knows other elite ru‚Ä¶ https://t.co/YND84qse7I",0.2023,0.083,0.0,0.917
458,58,@nytimes,Our photographer @LamYikFei grew up in Hong Kong and has documented nearly every protest in the city over the past‚Ä¶ https://t.co/hq46qMq7un,-0.25,0.0,0.091,0.909
459,59,@nytimes,The Trump administration is refusing to take in thousands of Iraqis who risked their lives helping U.S. forces duri‚Ä¶ https://t.co/yqbeC8wPyc,-0.34,0.092,0.193,0.714
460,60,@nytimes,President Trump‚Äôs use of Twitter reached a new high as Democrats opened a formal impeachment inquiry. He‚Äôs tweeting‚Ä¶ https://t.co/anEEC8N8rG,0.1027,0.08,0.0,0.92
461,61,@nytimes,Many of President Trump's tweets promoted conspiracy theories or tried to erode faith in democratic institutions. H‚Ä¶ https://t.co/L2xqRfr6LD,0.296,0.233,0.142,0.625
462,62,@nytimes,"In more than 2,000 tweets, President Trump has cited one person for praise: himself. https://t.co/42WbZMpaiZ https://t.co/oEF8auHmgj",0.5574,0.194,0.0,0.806
463,63,@nytimes,"President Trump has tweeted praise of dictators more than a hundred times, while complaining nearly twice as much a‚Ä¶ https://t.co/tUKid8b9q8",0.4215,0.161,0.08,0.759
464,64,@nytimes,"Of the attack tweets identified in our analysis, nearly half were sent between 6 a.m. and 10 a.m., hours that Presi‚Ä¶ https://t.co/a818q7QtRR",-0.4767,0.0,0.134,0.866
465,65,@nytimes,Donald Trump tweeted his first attack as president on his third day in office. He has tweeted more attacks this yea‚Ä¶ https://t.co/fxDWTQz9w9,-0.7425,0.0,0.239,0.761
466,66,@nytimes,"On the morning of Inauguration Day 2017, Donald Trump tweeted out an opening message to the U.S. What followed was‚Ä¶ https://t.co/a8Ryn7PQoV",0.0,0.0,0.0,1.0
467,67,@nytimes,You‚Äôve probably never seen President Trump tweet in public. That‚Äôs because he doesn‚Äôt like to wear the reading glas‚Ä¶ https://t.co/f9qgvzjRla,0.3612,0.116,0.0,0.884
468,68,@nytimes,RT @nytimesworld: The European Union built a democratic experiment on the back of its farm subsidies. Now part of those billions helps prop‚Ä¶,0.3818,0.11,0.0,0.89
469,69,@nytimes,"A high school football coach on Long Island has been suspended after his team won 61-13, thanks to an unusual count‚Ä¶ https://t.co/zogbkIE8Ny",0.5423,0.238,0.112,0.65
470,70,@nytimes,"If you‚Äôve never had corn casserole before, you‚Äôre really missing out
https://t.co/Ml3QMMHp94",-0.3597,0.0,0.185,0.815
471,71,@nytimes,"‚ÄúThe Real Housewives of Beverly Hills‚Äù is about to look a little different. One ZIP code down, many more to go.
https://t.co/T9w7eHVWyG",0.0,0.0,0.0,1.0
472,72,@nytimes,"The tagline for ""Tina: The Tina Turner Musical"" is ""There is only one.""

Adrienne Warren, who will play the title r‚Ä¶ https://t.co/CWXE2sXVa8",0.34,0.103,0.0,0.897
473,73,@nytimes,10 new books recommended by critics and editors at The New York Times https://t.co/MQDLBFW67M,-0.1027,0.113,0.138,0.75
474,74,@nytimes,"In Opinion

""The phrase 'night owl' doesn‚Äôt really do it justice; my natural bedtime is around 6 a.m."" writes‚Ä¶ https://t.co/i5dgW8lq9w",0.7322,0.266,0.0,0.734
475,75,@nytimes,"""Everything,"" said Busola Dakolo, a well-known Nigerian photographer who said a famous pastor raped her, ""still rev‚Ä¶ https://t.co/juwccNFtjW",-0.6808,0.0,0.235,0.765
476,76,@nytimes,"There is a freedom in eating alone. Here‚Äôs how to dine by yourself and enjoy every bite.
https://t.co/TeIA3uxpk9",0.7506,0.316,0.085,0.598
477,77,@nytimes,"Friendships are an essential ingredient in a happy life, so it‚Äôs time to give them the care and attention they dese‚Ä¶ https://t.co/9siV77DJbD",0.8591,0.345,0.0,0.655
478,78,@nytimes,"Russian officials held up the evacuation of a sick American military attach√© in August, the latest episode of a lon‚Ä¶ https://t.co/dkVhN9meb1",-0.5106,0.0,0.155,0.845
479,79,@nytimes,"In his new book, ‚ÄúOur Interference Times,‚Äù Michael Stipe, the frontman of R.E.M., has trained his eye on places whe‚Ä¶ https://t.co/v3lEiDSqP3",0.0,0.0,0.0,1.0
480,80,@nytimes,"Spending time doing things by yourself can have mental, emotional and social benefits. But the key is choosing to s‚Ä¶ https://t.co/KxDRe8y1Ol",0.2732,0.14,0.0,0.86
481,81,@nytimes,"The Trump administration has frozen all military aid to the Lebanese army, including a package worth $105 million t‚Ä¶ https://t.co/N9Hcr6zrE3",0.2263,0.095,0.0,0.905
482,82,@nytimes,"Breaking News: Saudi Arabia said it has approved plans for the giant state-owned oil producer, Saudi Aramco, to go‚Ä¶ https://t.co/IXkbpTlH8W",0.4215,0.128,0.0,0.872
483,83,@nytimes,"""At its core, 'The Morning Show' suffers from the flaw of many a media-workplace story: the belief that white-colla‚Ä¶ https://t.co/2vaejBnELB",-0.4767,0.0,0.147,0.853
484,84,@nytimes,A train in Pakistan caught fire on Thursday and killed at least 75 people ‚Äî one of the worst railway accidents in t‚Ä¶ https://t.co/KsIDrcQMUP,-0.9231,0.0,0.425,0.575
485,85,@nytimes,"""This is a real actress who is playing a pretend actress who is playing another actress doing an audition.""
https://t.co/fpaS3wgiyg",0.296,0.18,0.07,0.75
486,86,@nytimes,"‚ÄúGood music has always been a form of rebellion, whether it‚Äôs the Beatles or Public Enemy. All good artists have th‚Ä¶ https://t.co/4fsO19wkI6",-0.2732,0.112,0.193,0.695
487,87,@nytimes,"Frederick Law Olmsted, the landscape architect who designed Central Park, was inspired by tours of English parks. H‚Ä¶ https://t.co/Ibkz1C8yto",0.4939,0.151,0.0,0.849
488,88,@nytimes,Hong Kong police used water cannons and rubber bullets to disperse protesters following a campaign event that was d‚Ä¶ https://t.co/gBqzPrCiis,-0.2263,0.0,0.095,0.905
489,89,@nytimes,"RT @NYTSports: President Trump receives a very loud mixed reaction upon arrival at #UFC244. Many fans boo, many others cheer; one group hel‚Ä¶",0.5106,0.136,0.0,0.864
490,90,@nytimes,"‚ÄúIf me getting banned from a video game is going to help people, help people‚Äôs lives and help spread awareness abou‚Ä¶ https://t.co/4zLsZHoNm7",0.6249,0.288,0.107,0.605
491,91,@nytimes,"RT @mmcintire: ""Authentic or not, the most fervent MAGA and QAnon accounts ‚Äî at least 23,000 of his followers have QAnon references in thei‚Ä¶",-0.2572,0.0,0.085,0.915
492,92,@nytimes,"Tony Woods, who was the first person Dave Chappelle mentioned when he accepted the Mark Twain Prize, has never star‚Ä¶ https://t.co/NV3U5SFPIx",0.6597,0.221,0.0,0.779
493,93,@nytimes,"Make your beef, pork, chicken and fish better as if by magic: smear mayonnaise on it before cooking, @kenjilopezalt‚Ä¶ https://t.co/sk9orSlwnt",0.1027,0.124,0.107,0.769
494,94,@nytimes,"RT @nickconfessore: With 11,000 tweets and counting, Trump has reshaped the presidency and the nature of presidential power. 
Our three-par‚Ä¶",0.0,0.0,0.0,1.0
495,95,@nytimes,A 15-year-old boy has been charged with 2 counts of attempted murder in connection with the Halloween shooting of a‚Ä¶ https://t.co/trWWSi8bRZ,-0.7579,0.0,0.277,0.723
496,96,@nytimes,RT @aimee_ortiz: A federal judge on Saturday blocked the Trump administration from implementing a policy that would require immigrants to p‚Ä¶,-0.2732,0.0,0.104,0.896
497,97,@nytimes,In tomorrow‚Äôs paper: The Twitter Presidency will be explored in a special print section of the Sunday New York Time‚Ä¶ https://t.co/xDooMmq6lP,0.4019,0.124,0.0,0.876
498,98,@nytimes,Beurre blanc doesn't have to just be for special occasions ‚Äî and rich people ‚Äî anymore https://t.co/JaoKXsbXcd,0.743,0.326,0.0,0.674
499,99,@nytimes,"In the northeastern quarter of Arizona is the Daylight Saving Doughnut. The state doesn't observe the time change,‚Ä¶ https://t.co/xqiCeebFQ7",0.0,0.0,0.0,1.0
